report,row,fao,city,line,km,date,mode,stations,note
camet-2023.pdf,1,0,红河州,滇南中心城市群现代有轨电车示范线,13.40,2023-01-01,有轨电车,15,第57个城轨交通运营城市
camet-2023.pdf,2,0,重庆,轨道交通9号线二期,7.70,2023-01-18,地铁,5,
camet-2023.pdf,3,0,重庆,轨道交通10号线二期首通段,4.89,2023-01-18,地铁,4,
camet-2023.pdf,4,0,北京,地铁昌平线南延一期,9.70,2023-02-04,地铁,5,
camet-2023.pdf,5,0,重庆,轨道交通5号线北延伸段工程,8.64,2023-02-27,地铁,6,共设7座车站，其中玉河沟站暂缓开通
camet-2023.pdf,6,0,大连,地铁5号线,24.48,2023-03-17,地铁,18,
camet-2023.pdf,7,0,西安,西咸新区智轨示范线1号线首通段,6.50,2023-03-21,电子导向胶轮系统,4,
camet-2023.pdf,8,0,金华,金义东线,13.75,2023-04-07,市域快轨,1,"明清宫站开通,横店高铁站暂缓开通"
camet-2023.pdf,9,0,长沙,大王山旅游专线,8.26,2023-05-09,导轨式胶轮系统,9,
camet-2023.pdf,10,0,长春,轨道交通4号线南延工程,4.50,2023-06-06,轻轨,5,
camet-2023.pdf,11,0,苏州,轨道交通S1线(11号线）,41.25,2023-06-24,市域快轨,28,
camet-2023.pdf,12,0,西安,地铁2号线二期工程,7.38,2023-06-27,地铁,4,
camet-2023.pdf,13,0,西安,地铁16号线一期工程,14.22,2023-06-27,地铁,9,
camet-2023.pdf,14,0,滁州,宁滁城际线滁州段,44.83,2023-06-28,市域快轨,10,第58个城轨交通运营城市
camet-2023.pdf,15,0,长沙,长株潭城际西环线一期工程（3号线南延段）,17.31,2023-06-28,地铁,8,
camet-2023.pdf,16,0,兰州,轨道交通2号线一期工程,7.93,2023-06-29,地铁,9,
camet-2023.pdf,17,0,合肥,轨道交通1号线三期工程,4.49,2023-07-01,地铁,3,
camet-2023.pdf,18,0,上海,临港中运量3号线,10.20,2023-07-01,电子导向胶轮系统,5,
camet-2023.pdf,19,0,绍兴,地铁2号线一期,10.80,2023-07-26,地铁,9,
camet-2023.pdf,20,0,温州,轨道交通S2线一期,63.63,2023-08-26,市域快轨,20,
camet-2023.pdf,21,0,福州,地铁4号线一期工程首通段,22.64,2023-08-27,地铁,19,
camet-2023.pdf,22,0,福州,地铁5号线一期工程后通段,5.62,2023-08-27,地铁,3,
camet-2023.pdf,23,0,苏州,有轨电车T5线一期工程,1.88,2023-08-28,有轨电车,3,
camet-2023.pdf,24,0,郑州,地铁3号线二期工程,6.22,2023-09-08,地铁,4,
camet-2023.pdf,25,0,西安,地铁1号线三期,10.61,2023-09-21,地铁,7,
camet-2023.pdf,26,0,武汉,光谷空轨旅游线一期工程,10.50,2023-09-26,悬挂式单轨,6,
camet-2023.pdf,27,0,宜宾,智轨T4线,46.69,2023-09-28,电子导向胶轮系统,22,主线14座车站，支线8座车站
camet-2023.pdf,28,0,郑州,地铁10号线一期工程,21.86,2023-09-28,地铁,12,
camet-2023.pdf,29,0,哈尔滨,地铁3号线二期西北环,3.30,2023-09-29,地铁,3,
camet-2023.pdf,30,0,沈阳,地铁2号线南延线,13.70,2023-09-29,地铁,7,
camet-2023.pdf,31,0,沈阳,地铁4号线一期,31.97,2023-09-29,地铁,23,
camet-2023.pdf,32,0,青岛,13号线二期北段,2.53,2023-10-26,市域快轨,2,
camet-2023.pdf,33,0,成都,19号线二期,43.17,2023-11-28,地铁,11,共设12站，其中合江站暂未开通
camet-2023.pdf,34,0,武汉,光谷有轨电车L3交路,10.00,2023-11-28,有轨电车,15,全线为共线运营段，不涉及物理意义上的轨道线路的增加
camet-2023.pdf,35,0,重庆,轨道交通5号线（大石坝—石桥铺段）,4.70,2023-11-30,地铁,3,
camet-2023.pdf,36,0,重庆,轨道交通10号线（后堡—兰花路段）,3.80,2023-11-30,地铁,3,共设4站，其中南坪站暂缓开通
camet-2023.pdf,37,0,武汉,地铁5号线二期调整工程段,2.63,2023-12-01,地铁,2,
camet-2023.pdf,38,0,贵阳,轨道交通3号线,43.03,2023-12-16,地铁,29,
camet-2023.pdf,39,0,郑州,地铁12号线一期,16.54,2023-12-20,地铁,11,
camet-2023.pdf,40,0,合肥,轨道交通2号线东延,14.50,2023-12-26,地铁,11,
camet-2023.pdf,41,0,合肥,轨道交通3号线南延,11.30,2023-12-26,地铁,7,共设8站，其中馆驿站暂缓开通
camet-2023.pdf,42,0,南通,地铁2号线,20.85,2023-12-27,地铁,17,
camet-2023.pdf,43,0,深圳,地铁8号线二期,8.01,2023-12-27,地铁,4,
camet-2023.pdf,44,0,天津,地铁11号线一期东段,13.68,2023-12-28,地铁,11,
camet-2023.pdf,45,0,南京,地铁7号线南段,10.66,2023-12-28,地铁,9,
camet-2023.pdf,46,0,郑州,郑许市域铁路工程（郑州段）,33.43,2023-12-28,市域快轨,16,
camet-2023.pdf,47,0,许昌,郑许市域铁路工程（许昌段）,33.70,2023-12-28,市域快轨,11,第59个城轨交通运营城市
camet-2023.pdf,48,0,广州,地铁5号线东延段,9.80,2023-12-28,地铁,6,
camet-2023.pdf,49,0,广州,地铁7号线二期,22.00,2023-12-28,地铁,11,
camet-2023.pdf,50,0,重庆,轨道交通18号线一期工程,29.07,2023-12-28,地铁,19,
camet-2023.pdf,51,0,北京,地铁11号线西段剩余段,1.40,2023-12-30,地铁,1,
camet-2023.pdf,52,0,北京,地铁16号线南段剩余段,2.70,2023-12-30,地铁,2,
camet-2023.pdf,53,0,北京,地铁17号线北段,24.90,2023-12-30,地铁,9,共设10站，其中望京西站暂缓开通
camet-2023.pdf,54,0,武汉,地铁19号线,23.30,2023-12-30,地铁,7,
camet-2024.pdf,1,0,无锡,S1线,30.40,2024-01-31,市域快轨,9,共设10站，预留霞客湾科学城1站
camet-2024.pdf,2,0,长春,轨道交通6号线,29.60,2024-03-28,地铁,22,
camet-2024.pdf,3,0,南京,地铁5号线南段,12.89,2024-03-31,地铁,9,
camet-2024.pdf,4,0,绍兴,地铁1号线支线首通段,4.10,2024-04-01,地铁,4,
camet-2024.pdf,5,1,青岛,地铁6号线一期工程,30.80,2024-04-26,地铁,21,
camet-2024.pdf,6,0,合肥,地铁4号线南延伸段,13.97,2024-05-01,地铁,7,共设8站，其中紫云湖站暂缓开通
camet-2024.pdf,7,0,成都,都江堰M-TR有轨电车专线,17.26,2024-05-15,有轨电车,19,主线13.813公里，支线3.446公里共设21站，其中文旅城南站、金马河西站暂缓开通
camet-2024.pdf,8,1,宁波,轨道交通3号线二期工程,9.32,2024-06-28,地铁,5,
camet-2024.pdf,9,0,长沙,地铁1号线北延一期工程,9.88,2024-06-28,地铁,5,
camet-2024.pdf,10,1,苏州,轨道交通6号线,35.10,2024-06-29,地铁,30,共设31站，其中华云站暂缓开通
camet-2024.pdf,11,0,宜宾,智轨T2线,8.50,2024-07-02,电子导向胶轮系统,8,
camet-2024.pdf,12,1,西安,高新云巴线,17.20,2024-08-12,导轨式胶轮系统,18,
camet-2024.pdf,13,0,佛山,地铁3号线在建段（镇安站—佛山大学站）,24.01,2024-08-23,地铁,13,开通镇安站至中山公园站、联和站至佛山大学站两个区段，3号线形成“顺德学院站－中山公园站”段和“联和站-佛山大学站”段分段运营
camet-2024.pdf,14,1,苏州,轨道交通8号线,35.60,2024-09-10,地铁,28,
camet-2024.pdf,15,1,西安,10号线一期,34.40,2024-09-26,地铁,17,
camet-2024.pdf,16,0,西安,5号线一期东段,3.40,2024-09-26,地铁,2,
camet-2024.pdf,17,0,西安,6号线一期南段,4.50,2024-09-26,地铁,2,
camet-2024.pdf,18,0,天津,市域（郊）铁路津静线首开段,13.40,2024-09-28,市域快轨,3,
camet-2024.pdf,19,0,天津,地铁5号线调整工程,1.29,2024-09-28,地铁,1,
camet-2024.pdf,20,0,成都,轨道交通资阳线（S3线）,38.70,2024-09-29,市域快轨,6,共设7站，其中芦葭站暂缓开通
camet-2024.pdf,21,0,武汉,地铁7号线北延线（前川线）二期,15.11,2024-10-01,地铁,3,共设4站，其中余彭塆站为预留站
camet-2024.pdf,22,0,广州,地铁3号线东延伸段,9.60,2024-11-01,地铁,4,
camet-2024.pdf,23,0,济南,轨道交通3号线二期,12.60,2024-11-22,地铁,5,
camet-2024.pdf,24,0,哈尔滨,地铁3号线二期工程西北环,9.44,2024-11-26,地铁,8,
camet-2024.pdf,25,0,上海,地铁17号线西延伸工程,6.53,2024-11-30,地铁,1,
camet-2024.pdf,26,0,郑州,地铁6号线一期东北段,26.40,2024-11-30,地铁,18,
camet-2024.pdf,27,0,苏州,轨道交通7号线首通段,35.20,2024-12-01,地铁,28,共设29站，其中白荡南站暂缓开通
camet-2024.pdf,28,0,徐州,地铁3号线二期,8.13,2024-12-03,地铁,6,
camet-2024.pdf,29,0,北京,地铁昌平线南延一期剩余段,0.70,2024-12-15,地铁,1,
camet-2024.pdf,30,1,北京,地铁3号线一期,15.70,2024-12-15,地铁,10,
camet-2024.pdf,31,1,北京,地铁12号线,28.90,2024-12-15,地铁,20,
camet-2024.pdf,32,0,青岛,2号线一期工程调整方案,3.84,2024-12-18,地铁,3,
camet-2024.pdf,33,0,成都,地铁8号线二期,7.61,2024-12-19,地铁,7,
camet-2024.pdf,34,1,成都,地铁27号线一期,24.86,2024-12-19,地铁,22,共设23站，其中白仁店站暂缓开通
camet-2024.pdf,35,1,合肥,轨道交通8号线一期,22.50,2024-12-26,地铁,12,
camet-2024.pdf,36,1,西安,地铁8号（环）线,49.90,2024-12-26,地铁,37,
camet-2024.pdf,37,0,上海,机场联络线,59.00,2024-12-27,市域快轨,7,
camet-2024.pdf,38,0,武汉,地铁11号线东段二期,12.50,2024-12-27,地铁,7,
camet-2024.pdf,39,0,武汉,地铁11号线三期首开段,4.00,2024-12-27,地铁,2,
camet-2024.pdf,40,0,天津,地铁11号线西段,10.70,2024-12-28,地铁,10,
camet-2024.pdf,41,1,深圳,地铁13号线一期南段,6.40,2024-12-28,地铁,7,
camet-2024.pdf,42,0,深圳,地铁3号线四期,9.28,2024-12-28,地铁,7,
camet-2024.pdf,43,0,深圳,地铁11号线二期,2.00,2024-12-28,地铁,2,
camet-2024.pdf,44,1,深圳,地铁12号线二期,8.05,2024-12-28,地铁,6,
camet-2024.pdf,45,0,深圳,地铁7号线二期,2.22,2024-12-28,地铁,2,
camet-2024.pdf,46,0,贵阳,轨道交通S1线一期,30.32,2024-12-28,市域快轨,13,
camet-2024.pdf,47,1,南京,地铁7号线中段,10.99,2024-12-28,地铁,8,
camet-2024.pdf,48,1,广州,地铁11号线（环线）,44.20,2024-12-28,地铁,29,共设31站，其中广州火车站、广州东站暂缓开通
camet-2024.pdf,49,0,郑州,地铁7号线一期工程,26.81,2024-12-29,地铁,20,
camet-2024.pdf,50,1,郑州,地铁8号线一期工程,51.78,2024-12-29,地铁,28,
camet-2024.pdf,51,0,沈阳,地铁3号线西段,23.45,2024-12-30,地铁,14,
camet-2025.pdf,1,0,杭州,地铁5号线西延伸段,2.00,2025-01-01,地铁,1,
camet-2025.pdf,2,0,重庆,市郊铁路璧山至铜梁线,37.50,2025-01-02,市域快轨,8,
camet-2025.pdf,3,0,宁波,轨道交通4号线西延伸段,1.73,2025-01-10,地铁,1,
camet-2025.pdf,4,1,太原,地铁1号线,28.74,2025-02-22,地铁,24,
camet-2025.pdf,5,0,宁波,轨道交通4号线东延段,2.51,2025-05-16,地铁,1,
camet-2025.pdf,6,0,天水,有轨电车示范线工程二期,16.92,2025-06-18,有轨电车,14,
camet-2025.pdf,7,0,广州,黄埔有轨电车2号线北段,4.90,2025-06-20,有轨电车,8,
camet-2025.pdf,8,0,重庆,轨道交通6号线东站段,6.90,2025-06-27,地铁,3,
camet-2025.pdf,9,0,南昌,地铁1号线北延工程,16.97,2025-06-28,地铁,8,
camet-2025.pdf,10,0,南昌,地铁1号线东延工程,4.36,2025-06-28,地铁,2,
camet-2025.pdf,11,0,南昌,地铁2号线东延工程,10.42,2025-06-28,地铁,9,
camet-2025.pdf,12,1,广州,地铁10号线首通段,17.20,2025-06-29,地铁,11,共设12站，其中中大南门站暂缓开通
camet-2025.pdf,13,1,广州,地铁12号线西段及东段,28.80,2025-06-29,地铁,17,共设18站，其中赤岗站暂缓开通
camet-2025.pdf,14,1,宁波,轨道交通8号线一期,23.34,2025-06-30,地铁,18,共设19站，其中下应南站暂缓开通
camet-2025.pdf,15,0,绍兴,地铁1号线支线会展中心-大庆寺段,3.20,2025-06-30,地铁,2,
camet-2025.pdf,16,0,沈阳,地铁1号线东延线,16.15,2025-06-30,地铁,10,
camet-2025.pdf,17,0,天津,地铁4号线北段,22.56,2025-07-08,地铁,16,
camet-2025.pdf,18,0,宜宾,智轨T2延伸线叙州段,7.89,2025-07-20,电子导向胶轮系统,6,
camet-2025.pdf,19,0,南京,地铁5号线北段,24.51,2025-08-06,地铁,21,
camet-2025.pdf,20,1,宁波,轨道交通7号线,39.40,2025-08-29,地铁,25,
camet-2025.pdf,21,0,成都,地铁17号线二期,24.76,2025-09-17,地铁,18,
camet-2025.pdf,22,0,成都,地铁10号线三期首开段,3.57,2025-09-17,地铁,3,共设5站，其中文翁石室站、人民公园站暂缓开通
camet-2025.pdf,23,0,南宁,地铁4号线一期工程后通段,4.47,2025-09-26,地铁,2,楞塘村-龙岗，不含五象火车站
camet-2025.pdf,24,0,天水,有轨电车示范线工程（二期）天水机场至分路口（含）段,2.71,2025-09-26,有轨电车,2,
camet-2025.pdf,25,0,天津,地铁7号线南段,21.82,2025-09-28,地铁,15,
camet-2025.pdf,26,1,徐州,地铁6号线一期,22.92,2025-09-28,地铁,16,
camet-2025.pdf,27,0,长春,轨道交通2号线东延线,10.60,2025-09-28,地铁,6,
camet-2025.pdf,28,1,深圳,地铁6号线支线二期,4.95,2025-09-28,地铁,3,
camet-2025.pdf,29,1,深圳,地铁16号线二期,9.46,2025-09-28,地铁,8,
camet-2025.pdf,30,0,广州,地铁13号线二期首通段,8.30,2025-09-29,地铁,4,
camet-2025.pdf,31,0,广州,地铁14号线二期首通段,9.00,2025-09-29,地铁,7,
camet-2025.pdf,32,0,福州,轨道交通滨海快线,61.76,2025-09-29,市域快轨,12,
camet-2025.pdf,33,0,上海,地铁2号线西延线,1.70,2025-11-01,地铁,1,
camet-2025.pdf,34,1,东莞,地铁1号线一期工程,57.46,2025-11-28,地铁,25,
camet-2025.pdf,35,1,济南,高新东区环线,30.55,2025-12-06,导轨式胶轮系统,32,
camet-2025.pdf,36,1,福州,地铁4号线一期（后通段）,4.40,2025-12-10,地铁,4,
camet-2025.pdf,37,1,成都,地铁13号线一期,29.07,2025-12-16,地铁,21,
camet-2025.pdf,38,1,成都,地铁30号线一期,27.96,2025-12-16,地铁,22,共设24站，其中玉虹路站、分水站暂缓开通
camet-2025.pdf,39,0,南京,地铁3号线三期,3.30,2025-12-19,地铁,2,
camet-2025.pdf,40,0,南京,地铁10号线二期,13.33,2025-12-19,地铁,10,
camet-2025.pdf,41,1,合肥,轨道交通6号线一期,27.50,2025-12-26,地铁,16,全长35.2，其中7.7公里拆分于原4号线（青龙岗站至北雁湖站5站），实际新建线长度27.5公里。新建站17座，其中市博物馆站暂缓开通
camet-2025.pdf,42,0,北京,地铁6号线南延,2.00,2025-12-27,地铁,1,
camet-2025.pdf,43,0,北京,地铁17号线剩余段,8.20,2025-12-27,地铁,3,共设4站，其中广渠门外站暂缓开通
camet-2025.pdf,44,0,北京,地铁18号（13A)线首开段,19.80,2025-12-27,地铁,11,
camet-2025.pdf,45,1,上海,地铁18号线二期,8.10,2025-12-27,地铁,5,共设6站，其中江杨南路站暂缓开通
camet-2025.pdf,46,1,济南,地铁4号线一期,40.30,2025-12-27,地铁,33,
camet-2025.pdf,47,1,济南,地铁6号线东段,19.50,2025-12-27,地铁,17,
camet-2025.pdf,48,1,济南,地铁8号线一期,25.30,2025-12-27,地铁,14,
camet-2025.pdf,49,0,深圳,地铁5号线西延,2.88,2025-12-28,地铁,3,
camet-2025.pdf,50,0,深圳,地铁8号线三期,3.69,2025-12-28,地铁,1,
camet-2025.pdf,51,0,深圳,地铁11号线二期（后通段）,2.30,2025-12-28,地铁,1,
camet-2025.pdf,52,1,深圳,地铁13号线一期北段,16.08,2025-12-28,地铁,8,共设9站，其中西丽高铁站暂缓开通
camet-2025.pdf,53,1,广州,22号线后通段,11.50,2025-12-29,市域快轨,4,
camet-2025.pdf,54,1,西安,地铁15号线一期,19.46,2025-12-29,地铁,13,
camet-2025.pdf,55,0,济南,济阳有轨电车,36.10,2025-12-30,有轨电车,11,共设16站，初期开通11站
camet-2026h1.pdf,1,1,宁波,轨道交通6号线一期,35.38,2026-01-16,地铁,23,
camet-2026h1.pdf,2,0,天津,轨道交通Z4线北段,23.70,2026-01-18,市域快轨,10,
camet-2026h1.pdf,3,0,宜宾,智轨T2线延伸,1.34,2026-01-31,电子导向胶轮系统,1,
camet-2026h1.pdf,4,0,重庆,地铁4号线西延段首通段,10.90,2026-02-10,地铁,8,共设9站，其中顺水寺公园站暂缓开通
camet-2026h1.pdf,5,0,南京,轨道交通S2线（宁马城际铁路）,54.23,2026-04-22,市域快轨,16,
camet-2026h1.pdf,6,0,金华,金义东线剩余段（义乌高铁站-凌云站）,3.39,2026-04-26,市域快轨,1,
camet-2026h1.pdf,7,1,武汉,地铁12号线一期工程,35.32,2026-05-01,地铁,23,
camet-2026h1.pdf,8,0,佛山,地铁3号线剩余段,2.90,2026-06-18,地铁,1,佛山站暂越站运行
camet-2026h1.pdf,9,1,深圳,地铁13号线二期北延段,19.25,2026-06-28,地铁,11,
camet-2026h1.pdf,10,0,沈阳,3号线一期东段,14.00,2026-06-30,地铁,13,
