opening_date,country,city,line,mode,km,mainline,grade_separated,new_build,GoA,automated,GoA_basis,GoA_source,description,note,urbanrail_id
2016-02-03,South Korea,Incheon,Incheon Airport Maglev,maglev,,no,yes,yes,GoA4,yes,UTO,https://en.wikipedia.org/wiki/List_of_driverless_train_systems,Airport Maglev Incheon Int'l Airport - Yongyu,,2f2c076f
2016-02-12,Spain,Barcelona,Line 9 Sud,metro,20.0,no,yes,yes,GoA4,yes,UTO,https://en.wikipedia.org/wiki/List_of_driverless_train_systems,L9 Sud Zona Universitària - Aeroport T1 (20 km),L9 Sud runs as a separate line from L9 Nord (opened 2009); counted as new,9a938cac
2016-04-19,Azerbaijan,Baku,M3 Purple Line,metro,,no,yes,yes,GoA2,no,not in Wikipedia's list of GoA3/GoA4 systems; GoA1 vs. GoA2 unverified,https://en.wikipedia.org/wiki/List_of_driverless_train_systems,M3 Memar Acami - Avtovagzal,,f6240843
2016-05-06,China,Changsha,Changsha Maglev Express,maglev,18.5,no,yes,yes,GoA2,no,CAMET: not FAO (inferred from its FAO tables and totals),https://www.camet.org.cn/xytj/tjxx/ (reports in data/raw/camet/),Maglev Line Changsha South Railway Station - Huanghua Airport (18.5 km),,c5e167b3
2016-05-18,China,Fuzhou,Line 1,metro,,no,yes,yes,GoA2,no,CAMET: not FAO (inferred from its FAO tables and totals),https://www.camet.org.cn/xytj/tjxx/ (reports in data/raw/camet/),Line 1 Sanchajie - Fuzhou South Railway Station,,e448e5bc
2016-05-27,China,Dongguan,Line 2,metro,,no,yes,yes,GoA2,no,CAMET: not FAO (inferred from its FAO tables and totals),https://www.camet.org.cn/xytj/tjxx/ (reports in data/raw/camet/),Line 2 Dongguan Railway Station - Humen Railway Station,,5530213d
2016-06-28,China,Changsha,Line 1,metro,,no,yes,yes,GoA2,no,CAMET: not FAO (inferred from its FAO tables and totals),https://www.camet.org.cn/xytj/tjxx/ (reports in data/raw/camet/),Line 1 Kaifu District Government - Shangshuangtang,,989e1dc4
2016-06-28,China,Nanning,Line 1,metro,,no,yes,yes,GoA2,no,CAMET: not FAO (inferred from its FAO tables and totals),https://www.camet.org.cn/xytj/tjxx/ (reports in data/raw/camet/),Line 1 Nanhu - Nanning East Railway Station,,144998fc
2016-06-28,China,Shenzhen,Line 11,metro,,no,yes,yes,GoA2,no,CAMET: not FAO (inferred from its FAO tables and totals),https://www.camet.org.cn/xytj/tjxx/ (reports in data/raw/camet/),Line 11 Futian - Bitou,,d02c450f
2016-07-30,South Korea,Incheon,Line 2,light metro,,no,yes,yes,GoA4,yes,UTO,https://en.wikipedia.org/wiki/List_of_driverless_train_systems,Line 2 Oryu-dong - Unyeon,,8c78c1c9
2016-07-31,China,Chengdu,Line 3,metro,,no,yes,yes,GoA2,no,CAMET: not FAO (inferred from its FAO tables and totals),https://www.camet.org.cn/xytj/tjxx/ (reports in data/raw/camet/),Line 3 Chengdu Junqu General Hospital - Taipingyuan,,d23aaeec
2016-08-01,Brazil,Rio de Janeiro,Line 4,metro,,no,yes,yes,GoA2,no,not in Wikipedia's list of GoA3/GoA4 systems; GoA1 vs. GoA2 unverified,https://en.wikipedia.org/wiki/List_of_driverless_train_systems,Line 4 Ipanema/General Osório - Jardim Oceânico  (Limited Olympic service!),,8ecde6ae
2016-08-06,China,Tianjin,Line 6,metro,,no,yes,yes,GoA2,no,CAMET: only phase 2 (2021) is FAO,https://www.camet.org.cn/xytj/tjxx/ (reports in data/raw/camet/),Line 6 Changhong Gongyuan - Nancuiping,,86d69675
2016-08-06,Thailand,Bangkok,Purple Line,metro,23.0,no,yes,yes,GoA2,no,not in Wikipedia's list of GoA3/GoA4 systems; GoA1 vs. GoA2 unverified,https://en.wikipedia.org/wiki/List_of_driverless_train_systems,Purple Line Tao Poon - Khlong Bang Phai (23 km),,4cb1709c
2016-08-19,China,Zhengzhou,Line 2,metro,,no,yes,yes,GoA2,no,CAMET: not FAO (inferred from its FAO tables and totals),https://www.camet.org.cn/xytj/tjxx/ (reports in data/raw/camet/),Line 2 Liuzhuang - Nansihuan,,23953eec
2016-09-21,India,Chennai,Blue Line,metro,,no,yes,yes,GoA2,no,not in Wikipedia's list of GoA3/GoA4 systems; GoA1 vs. GoA2 unverified,https://en.wikipedia.org/wiki/List_of_driverless_train_systems,Blue Line Little Mount - Chennai International Airport,,068e3091
2016-10-28,China,Shenzhen,Line 7,metro,30.3,no,yes,yes,GoA2,no,CAMET: not FAO (inferred from its FAO tables and totals),https://www.camet.org.cn/xytj/tjxx/ (reports in data/raw/camet/),Line 7 Xili Lake - Tai'an (30.3 km),,d938d1fa
2016-10-28,China,Shenzhen,Line 9,metro,25.3,no,yes,yes,GoA2,no,CAMET: not FAO (inferred from its FAO tables and totals),https://www.camet.org.cn/xytj/tjxx/ (reports in data/raw/camet/),Line 9 Hongshuwan South - Wenjin (25.3 km),,bc4876de
2016-11-08,China,Xi'an,Line 3,metro,39.0,no,yes,yes,GoA2,no,CAMET: not FAO (inferred from its FAO tables and totals),https://www.camet.org.cn/xytj/tjxx/ (reports in data/raw/camet/),Line 3 Yuhuazhai - Baoshuiqu (39 km),,0c6ff5df
2016-12-05,Brazil,Salvador,Line 2,metro,2.3,no,yes,yes,GoA2,no,not in Wikipedia's list of GoA3/GoA4 systems; GoA1 vs. GoA2 unverified,https://en.wikipedia.org/wiki/List_of_driverless_train_systems,Line 2 Acesso Norte - Rodoviária (2.3 km),,c6089354
2016-12-16,Malaysia,Kuala Lumpur,Line 9,metro,21.0,no,yes,yes,GoA4,yes,UTO,https://en.wikipedia.org/wiki/List_of_driverless_train_systems,Line 9 Sungai Buloh - Semantan (21 km),,e00f515a
2016-12-26,China,Hefei,Line 1,metro,24.6,no,yes,yes,GoA2,no,CAMET: not FAO (inferred from its FAO tables and totals),https://www.camet.org.cn/xytj/tjxx/ (reports in data/raw/camet/),Line 1 Hefei Railway Station - Jiulianwei (24.6 km),,abd57fd5
2016-12-28,China,Guangzhou,Line 7,metro,18.6,no,yes,yes,GoA2,no,CAMET: opened GoA2 in 2016; converted to FAO in December 2024,https://www.camet.org.cn/xytj/tjxx/ (reports in data/raw/camet/),Line 7 Guangzhou South Railway Station - Higher Education Mega Center South,split from a combined UrbanRail entry,
2016-12-28,China,Wuhan,Line 6,metro,35.95,no,yes,yes,GoA2,no,CAMET: not FAO (inferred from its FAO tables and totals),https://www.camet.org.cn/xytj/tjxx/ (reports in data/raw/camet/),Line 6 Jinyinhu Park - Dongfeng Motor Corporation,split from a combined UrbanRail entry,
2016-12-28,Hong Kong,Hong Kong,South Island Line,metro,7.0,no,yes,yes,GoA4,yes,MTR: UTO,https://hk.on.cc/hk/bkn/cnt/news/20161225/bkn-20161225000144265-1225_00822_001.html,South Island Line Admiralty - South Horizons (7 km),,cd7e2c6e
2016-12-31,China,Beijing,Line 16,metro,,no,yes,yes,GoA2,no,CAMET: not FAO (inferred from its FAO tables and totals),https://www.camet.org.cn/xytj/tjxx/ (reports in data/raw/camet/),Line 16 Beianhe - Xiyuan,,e85231ec
2017-01-05,Turkey,Ankara,M4,metro,,no,yes,yes,GoA2,no,not in Wikipedia's list of GoA3/GoA4 systems; GoA1 vs. GoA2 unverified,https://en.wikipedia.org/wiki/List_of_driverless_train_systems,M4 Atatürk Kültür Merkezi - Sehitler-Gazino,,7831c69a
2017-01-12,China,Zhengzhou,Chengjiao Line,metro,42.0,no,yes,yes,GoA2,no,CAMET: not FAO (inferred from its FAO tables and totals),https://www.camet.org.cn/xytj/tjxx/ (reports in data/raw/camet/),Suburban Line (Line 2 South) Nansihuan - Xinzheng International Airport (42 km),suburban line through-running with Line 2,ec3b5636
2017-01-18,China,Nanjing,Line 4,metro,33.8,no,yes,yes,GoA2,no,CAMET: not FAO (inferred from its FAO tables and totals),https://www.camet.org.cn/xytj/tjxx/ (reports in data/raw/camet/),Line 4 Longjiang - Xianlinhu (33.8 km),,92514d54
2017-01-26,China,Harbin,Line 3,metro,4.0,no,yes,yes,GoA2,no,CAMET: not FAO (inferred from its FAO tables and totals),https://www.camet.org.cn/xytj/tjxx/ (reports in data/raw/camet/),Line 3 Yidaeryuan - Harbinxizhan (4 km),,d9d15c72
2017-02-20,Iran,Mashhad,Line 2,metro,,no,yes,yes,GoA2,no,not in Wikipedia's list of GoA3/GoA4 systems; GoA1 vs. GoA2 unverified,https://en.wikipedia.org/wiki/List_of_driverless_train_systems,Line 2 Shohada - Kashfrood,,93ae4d0e
2017-03-02,Taiwan,Taoyuan,Airport MRT,airport express metro,,no,yes,yes,GoA2,no,not in Wikipedia's list of GoA3/GoA4 systems; GoA1 vs. GoA2 unverified,https://en.wikipedia.org/wiki/List_of_driverless_train_systems,Airport MRT Taipei Main Station - Taoyuan International Airport - Huanbei,,6fce747a
2017-04-08,Spain,Bilbao,Line 3,metro,5.9,no,yes,yes,GoA2,no,not in Wikipedia's list of GoA3/GoA4 systems; GoA1 vs. GoA2 unverified,https://en.wikipedia.org/wiki/List_of_driverless_train_systems,Line 3 Matiko - Kukullaga (5.9 km),,d1889346
2017-04-15,China,Suzhou,Line 4,metro,42.0,no,yes,yes,GoA2,no,CAMET: not FAO (inferred from its FAO tables and totals),https://www.camet.org.cn/xytj/tjxx/ (reports in data/raw/camet/),Line 4 Longdaobang - Tongli (42 km),,90fb80e8
2017-06-10,Iran,Tehran,Line 7,metro,22.0,no,yes,yes,GoA2,no,not in Wikipedia's list of GoA3/GoA4 systems; GoA1 vs. GoA2 unverified,https://en.wikipedia.org/wiki/List_of_driverless_train_systems,Line 7 Meydan-e San'at- Basij (22 km - 7 stations),,0e997c23
2017-06-17,India,Kochi,Line 1,metro,13.0,no,yes,yes,GoA2,no,not in Wikipedia's list of GoA3/GoA4 systems; GoA1 vs. GoA2 unverified,https://en.wikipedia.org/wiki/List_of_driverless_train_systems,Line 1 Aluva – Palarivattom (13 km),,8bf224f3
2017-06-27,China,Shijiazhuang,Line 1,metro,23.9,no,yes,yes,GoA2,no,CAMET: not FAO (inferred from its FAO tables and totals),https://www.camet.org.cn/xytj/tjxx/ (reports in data/raw/camet/),Line 1 Xiwang - Xiaohedadao (23.9 km),,3347fd79
2017-06-27,China,Shijiazhuang,Line 3,metro,6.4,no,yes,yes,GoA2,no,CAMET: not FAO (inferred from its FAO tables and totals),https://www.camet.org.cn/xytj/tjxx/ (reports in data/raw/camet/),Line 3 Shierzhong - Shijiazhuang (6.4 km),,1c405187
2017-06-30,China,Changchun,Line 1,metro,16.3,no,yes,yes,GoA2,no,CAMET: not FAO (inferred from its FAO tables and totals),https://www.camet.org.cn/xytj/tjxx/ (reports in data/raw/camet/),Line 1 Beihuan - Hongzuzi (16.3 km),,d1e400f6
2017-08-18,China,Nanchang,Line 2,metro,19.6,no,yes,yes,GoA2,no,CAMET: not FAO (inferred from its FAO tables and totals),https://www.camet.org.cn/xytj/tjxx/ (reports in data/raw/camet/),Line 2 Metro Central - Nanlu (19.6 km),,5d3bb22e
2017-08-29,China,Kunming,Line 3,metro,23.4,no,yes,yes,GoA2,no,CAMET: not FAO (inferred from its FAO tables and totals),https://www.camet.org.cn/xytj/tjxx/ (reports in data/raw/camet/),Line 3 Western Hills Park - East Coach Station (23.4 km),,861c760b
2017-09-02,South Korea,Seoul,Ui LRT,light metro,11.4,no,yes,yes,GoA4,yes,UTO,https://en.wikipedia.org/wiki/List_of_driverless_train_systems,Ui LRT Sinseol-dong - Bukhansan Ui (11.4 km),,ff3eb90e
2017-09-06,China,Chengdu,Line 10,metro,10.9,no,yes,yes,GoA2,no,CAMET: not FAO (inferred from its FAO tables and totals),https://www.camet.org.cn/xytj/tjxx/ (reports in data/raw/camet/),Line 10 Taipingyuan - Airport Terminal 2 (10.9 km),,dc2b6736
2017-09-06,India,Lucknow,Red Line,metro,8.5,no,yes,yes,GoA2,no,not in Wikipedia's list of GoA3/GoA4 systems; GoA1 vs. GoA2 unverified,https://en.wikipedia.org/wiki/List_of_driverless_train_systems,Charbagh - Transport Nagar (8.5 km),,f93860ee
2017-11-02,Chile,Santiago,Line 6,metro,15.3,no,yes,yes,GoA4,yes,UTO,https://www.thalesgroup.com/en/worldwide/transportation/press-release/santiago-de-chile-brings-new-reality-urban-mobility-thales,L6 Cerrillos - Los Leones (15.3 km),,0a921f02
2017-11-28,India,Hyderabad,Blue Line,metro,17.0,no,yes,yes,GoA2,no,not in Wikipedia's list of GoA3/GoA4 systems; GoA1 vs. GoA2 unverified,https://en.wikipedia.org/wiki/List_of_driverless_train_systems,Line 3 Ameerpet - Nagole (17 km),,c020295e
2017-11-28,India,Hyderabad,Red Line,metro,13.0,no,yes,yes,GoA2,no,not in Wikipedia's list of GoA3/GoA4 systems; GoA1 vs. GoA2 unverified,https://en.wikipedia.org/wiki/List_of_driverless_train_systems,Line 1 Miyapur - Ameerpet (13 km),,f4099b54
2017-12-06,China,Chengdu,Line 7,metro,38.6,no,yes,yes,GoA2,no,CAMET: not FAO (inferred from its FAO tables and totals),https://www.camet.org.cn/xytj/tjxx/ (reports in data/raw/camet/),Circular Line 7 Chengdu North Railway Station - Chengdu South Railway Station (38.6 km),,acf28c5c
2017-12-06,China,Nanjing,S3,metro,,no,yes,yes,GoA2,no,CAMET: not FAO (inferred from its FAO tables and totals),https://www.camet.org.cn/xytj/tjxx/ (reports in data/raw/camet/),S3 Nanjing South Railway Station - Gaojiachong,,0a99e5b6
2017-12-10,China,Qingdao,Line 2,metro,21.2,no,yes,yes,GoA2,no,CAMET: not FAO (inferred from its FAO tables and totals),https://www.camet.org.cn/xytj/tjxx/ (reports in data/raw/camet/),Line 2 Zhiquanlu - Licun Gongyuan (21.2 km),,0fcf3d9e
2017-12-15,Turkey,Istanbul,M5,metro,10.5,no,yes,yes,GoA4,yes,UTO,http://www.metro-report.com/news/single-view/view/erdogan-opens-first-driverless-metro-line-in-istanbul.html,M5 Üsküdar - Yamanevler (10.5 km),,542fe393
2017-12-25,India,Delhi,Magenta Line,metro,12.6,no,yes,yes,GoA4,yes,opened with drivers; UTO since December 2020,https://themetrorailguy.com/2020/12/28/pm-modi-flags-off-delhi-metros-driverless-train-services/,Magenta Line Kalkaji Mandir - Botanical Garden (12.6 km),,d747601c
2017-12-26,China,Hefei,Line 2,metro,30.0,no,yes,yes,GoA2,no,CAMET: not FAO (inferred from its FAO tables and totals),https://www.camet.org.cn/xytj/tjxx/ (reports in data/raw/camet/),Line 2 Nangang - Sanshibu (30 km),,af12b489
2017-12-26,China,Wuhan,Line 8,metro,16.7,no,yes,yes,GoA2,no,CAMET: not FAO (inferred from its FAO tables and totals),https://www.camet.org.cn/xytj/tjxx/ (reports in data/raw/camet/),Line 8 Jintan Road - Liyuan (16.7 km),,cdca6b93
2017-12-26,China,Wuhan,Yangluo Line,suburban metro,35.0,no,yes,yes,GoA2,no,CAMET: not FAO (inferred from its FAO tables and totals),https://www.camet.org.cn/xytj/tjxx/ (reports in data/raw/camet/),Yangluo Line Houhu Boulevard - Jintai (35 km),,6aede000
2017-12-28,China,Chongqing,Line 10,metro,34.0,no,yes,yes,GoA2,no,CAMET: not FAO (inferred from its FAO tables and totals),https://www.camet.org.cn/xytj/tjxx/ (reports in data/raw/camet/),Line 10 Wangjiazhuang - Liyuchi (34 km),,340a6066
2017-12-28,China,Chongqing,Line 5,metro,17.0,no,yes,yes,GoA2,no,CAMET: not FAO (inferred from its FAO tables and totals),https://www.camet.org.cn/xytj/tjxx/ (reports in data/raw/camet/),Line 5 The Expo Garden Center - Dalongshan (17 km),,3875495a
2017-12-28,China,Guangzhou,Line 13,metro,27.0,no,yes,yes,GoA2,no,CAMET: not FAO (inferred from its FAO tables and totals),https://www.camet.org.cn/xytj/tjxx/ (reports in data/raw/camet/),Line 13 Yuzhu - Xinsha (27 km),,df3425d9
2017-12-28,China,Guangzhou,Line 14,suburban metro,21.9,no,yes,yes,GoA2,no,CAMET: not FAO (inferred from its FAO tables and totals),https://www.camet.org.cn/xytj/tjxx/ (reports in data/raw/camet/),Line 14 Xinhe - Zhenlong (21.9 km),,245af43f
2017-12-28,China,Guangzhou,Line 9,metro,20.1,no,yes,yes,GoA2,no,CAMET: not FAO (inferred from its FAO tables and totals),https://www.camet.org.cn/xytj/tjxx/ (reports in data/raw/camet/),Line 9 Gaozeng - Fei'eling (20.1 km),,76aa87a3
2017-12-28,China,Guiyang,Line 1,metro,12.9,no,yes,yes,GoA2,no,CAMET: not FAO (inferred from its FAO tables and totals),https://www.camet.org.cn/xytj/tjxx/ (reports in data/raw/camet/),Line 1 Xiamaixi - Guiyang North Railway Station (12.9 km),,1b788344
2017-12-28,China,Nanning,Line 2,metro,21.0,no,yes,yes,GoA2,no,CAMET: not FAO (inferred from its FAO tables and totals),https://www.camet.org.cn/xytj/tjxx/ (reports in data/raw/camet/),Line 2 Xijin - Yudong (21 km),,fb23bbf0
2017-12-30,China,Beijing,Line S1,maglev,9.0,no,yes,yes,GoA2,no,CAMET: not FAO (inferred from its FAO tables and totals),https://www.camet.org.cn/xytj/tjxx/ (reports in data/raw/camet/),Mentougou Line (Maglev) Jin'anqiao - Shimenying (9 km),,ca52f00e
2017-12-30,China,Beijing,Yanfang Line,metro,13.4,no,yes,yes,GoA4,yes,CAMET: FAO,https://www.camet.org.cn/xytj/tjxx/ (reports in data/raw/camet/),Yanfang Line Yancun Dongdi - Yanshan (13.4 km),split from a combined UrbanRail entry,
2017-12-30,China,Nanjing,S9,suburban metro,51.7,no,yes,yes,GoA2,no,CAMET: not FAO (inferred from its FAO tables and totals),https://www.camet.org.cn/xytj/tjxx/ (reports in data/raw/camet/),S9 Xiangyulunan - Gaochun (51.7 km),,a4d55ae6
2017-12-30,China,Shanghai,Line 17,suburban metro,,no,yes,yes,GoA2,no,CAMET: not FAO (inferred from its FAO tables and totals),https://www.camet.org.cn/xytj/tjxx/ (reports in data/raw/camet/),Line 17 Hongqiao Railway Station - Oriental Land,,899764fc
2017-12-31,China,Xiamen,Line 1,metro,30.3,no,yes,yes,GoA2,no,CAMET: not FAO (inferred from its FAO tables and totals),https://www.camet.org.cn/xytj/tjxx/ (reports in data/raw/camet/),Line 1 Yannei - Zhenhai Road (30.3 km),,1eb22df2
2018-02-26,Russia,Moscow,Line 11 Big Circle Line,metro,10.5,no,yes,yes,GoA2,no,not in Wikipedia's list of GoA3/GoA4 systems; GoA1 vs. GoA2 unverified,https://en.wikipedia.org/wiki/List_of_driverless_train_systems,Line 11 Delovoy Tsentr - Petrovskiy Park (10.5 km),,95d4d015
2018-03-14,India,Delhi,Pink Line,metro,21.6,no,yes,yes,GoA4,yes,opened with drivers; UTO since November 2021,https://themetrorailguy.com/2021/11/13/cmrs-to-inspect-delhi-metro-pink-line-for-driverless-ops-on-nov-16/,Line 7 (Pink Line) Majlis Park – Durgabai Deshmukh South Campus (21.6 km),,8dd8e02f
2018-03-31,China,Shanghai,APM Pujiang Line,people mover,6.7,no,yes,yes,GoA4,yes,CAMET: FAO,https://www.camet.org.cn/xytj/tjxx/ (reports in data/raw/camet/),APM Pujiang Line Shendu Highway - Huizhen Road (6.7 km),,1b417652
2018-04-23,China,Qingdao,Line 11,suburban metro,54.6,no,yes,yes,GoA2,no,CAMET: not FAO (inferred from its FAO tables and totals),https://www.camet.org.cn/xytj/tjxx/ (reports in data/raw/camet/),Line 11 Miaoling Lu - Qiangu Mountain (54.6 km),,d9c780a6
2018-07-12,Nigeria,Abuja,Abuja Light Rail Line 1,light rail,26.7,no,yes,yes,GoA2,no,not in Wikipedia's list of GoA3/GoA4 systems; GoA1 vs. GoA2 unverified,https://en.wikipedia.org/wiki/List_of_driverless_train_systems,Airport - Abuja Station (26.7 km),,c961d78e
2018-07-22,Netherlands,Amsterdam,M52,metro,9.8,no,yes,yes,GoA2,no,not in Wikipedia's list of GoA3/GoA4 systems; GoA1 vs. GoA2 unverified,https://en.wikipedia.org/wiki/List_of_driverless_train_systems,M52 Noord - Zuid (9.8 km ),,e5a9b4bb
2018-08-01,Indonesia,Palembang,Palembang LRT,light rail,22.5,no,yes,yes,GoA2,no,not in Wikipedia's list of GoA3/GoA4 systems; GoA1 vs. GoA2 unverified,https://en.wikipedia.org/wiki/List_of_driverless_train_systems,LRT Bandara (Airport) - OPI (22.5 km),,e7940f93
2018-08-30,China,Changchun,Line 2,metro,20.5,no,yes,yes,GoA2,no,CAMET: not FAO (inferred from its FAO tables and totals),https://www.camet.org.cn/xytj/tjxx/ (reports in data/raw/camet/),Line 2 Shuangfeng - Dongfang Square (20.5 km),,99bc4d26
2018-09-08,Spain,Barcelona,Line 10 Sud,metro,2.4,no,yes,yes,GoA4,yes,UTO,https://en.wikipedia.org/wiki/List_of_driverless_train_systems,Line 10 Sud Can Trias | Gornal - Foc (including intermediate station Foneria ) (2.4 km),L10 Sud services began over the L9 Sud trunk plus a new branch to Foc,b323170f
2018-10-01,China,Wuhan,Line 11,metro,19.7,no,yes,yes,GoA2,no,CAMET: not FAO (inferred from its FAO tables and totals),https://www.camet.org.cn/xytj/tjxx/ (reports in data/raw/camet/),Line 11 Optics Valley Railway Station - Zuoling (19.7 km),,784673f5
2018-10-01,China,Wuhan,Line 7,metro,30.9,no,yes,yes,GoA2,no,CAMET: not FAO (inferred from its FAO tables and totals),https://www.camet.org.cn/xytj/tjxx/ (reports in data/raw/camet/),Line 7 Garden Expo North - Yezhihu (30.9 km),,e5777697
2018-10-22,China,Tianjin,Line 5,metro,30.0,no,yes,yes,GoA2,no,CAMET: not FAO (inferred from its FAO tables and totals),https://www.camet.org.cn/xytj/tjxx/ (reports in data/raw/camet/),Line 5 Danhebeidao - Zhongyiyifuyuan (~30 km),,cd140be4
2018-10-25,China,Ürümqi,Line 1,metro,16.6,no,yes,yes,GoA2,no,CAMET: not FAO (inferred from its FAO tables and totals),https://www.camet.org.cn/xytj/tjxx/ (reports in data/raw/camet/),Line 1 Balou – Ürümqi International Airport (16.6 km),,ba705ace
2018-10-30,China,Changchun,Line 8,light rail,13.3,no,yes,yes,GoA1,no,CAMET: not FAO (inferred from its FAO tables and totals),https://www.camet.org.cn/xytj/tjxx/ (reports in data/raw/camet/),Line 8 North Huancheng Road - Guangtong Road (13.3 km),,323268c1
2018-12-26,China,Qingdao,Line 13,suburban metro,66.8,no,yes,yes,GoA2,no,CAMET: not FAO (inferred from its FAO tables and totals),https://www.camet.org.cn/xytj/tjxx/ (reports in data/raw/camet/),Line 13 Jinggangshan Road - Dongjiakou Railway Station (66.8 km),,d0b196c1
2018-12-26,China,Xi'an,Line 4,metro,35.2,no,yes,yes,GoA2,no,CAMET: not FAO (inferred from its FAO tables and totals),https://www.camet.org.cn/xytj/tjxx/ (reports in data/raw/camet/),Line 4 Xi'an North Railway Station - Hangtian Xincheng (35.2 km),,6f2a0139
2018-12-28,China,Chongqing,Line 4,metro,15.6,no,yes,yes,GoA2,no,CAMET: not FAO (inferred from its FAO tables and totals),https://www.camet.org.cn/xytj/tjxx/ (reports in data/raw/camet/),Line 4 North Station - Tangjiatuo (15.6 km),,c992c211
2018-12-28,China,Chongqing,Loop Line,metro,,no,yes,yes,GoA2,no,CAMET: not FAO (inferred from its FAO tables and totals),https://www.camet.org.cn/xytj/tjxx/ (reports in data/raw/camet/),Loop Line Chongqing Library - Haixialu via North Railway Station ( 34.3 km ),,7b814a5a
2018-12-28,China,Guangzhou,Line 21,suburban metro,25.2,no,yes,yes,GoA2,no,CAMET: not FAO (inferred from its FAO tables and totals),https://www.camet.org.cn/xytj/tjxx/ (reports in data/raw/camet/),Line 21 Zhenlongxi - Zengcheng Square (25.2 km),,f33e5a60
2019-01-22,Chile,Santiago,Line 3,metro,20.0,no,yes,yes,GoA4,yes,UTO,https://www.thalesgroup.com/en/worldwide/transportation/press-release/santiago-de-chile-brings-new-reality-urban-mobility-thales,L3 Los Libertadores - Fdo. Castillo Velasco (20 km),,731916b9
2019-01-23,China,Wenzhou,S1,suburban metro,34.4,no,yes,yes,GoA2,no,CAMET: not FAO (inferred from its FAO tables and totals),https://www.camet.org.cn/xytj/tjxx/ (reports in data/raw/camet/),S1 Tongling - Olympic Center (34.4 km),,2689b2f3
2019-01-25,India,Noida,Aqua Line,metro,29.7,no,yes,yes,GoA2,no,not in Wikipedia's list of GoA3/GoA4 systems; GoA1 vs. GoA2 unverified,https://en.wikipedia.org/wiki/List_of_driverless_train_systems,Aqua Line Sector 51 - Depot Station (29.7 km),,3336cba9
2019-03-04,India,Ahmedabad,Blue Line,metro,6.5,no,yes,yes,GoA2,no,not in Wikipedia's list of GoA3/GoA4 systems; GoA1 vs. GoA2 unverified,https://en.wikipedia.org/wiki/List_of_driverless_train_systems,Line 1 Vastral Gam - Apparel Park (6.5 km),,b8d6a3d2
2019-03-08,India,Nagpur,Orange Line,metro,13.5,no,yes,yes,GoA2,no,not in Wikipedia's list of GoA3/GoA4 systems; GoA1 vs. GoA2 unverified,https://en.wikipedia.org/wiki/List_of_driverless_train_systems,Sitabuldi - Khapri (13.5 km - limited service),,1d4ba367
2019-03-24,Indonesia,Jakarta,MRT North–South Line,metro,15.7,no,yes,yes,GoA2,no,not in Wikipedia's list of GoA3/GoA4 systems; GoA1 vs. GoA2 unverified,https://en.wikipedia.org/wiki/List_of_driverless_train_systems,MRT Bunderan HI - Lebak Bulus (15.7 km),,ea69fe22
2019-04-01,China,Jinan,Line 1,suburban metro,26.2,no,yes,yes,GoA2,no,CAMET: not FAO (inferred from its FAO tables and totals),https://www.camet.org.cn/xytj/tjxx/ (reports in data/raw/camet/),Fangte - Gongyanyuan (26.2 km),,ec158dfd
2019-04-07,Iran,Tehran,Line 6,metro,9.0,no,yes,yes,GoA2,no,not in Wikipedia's list of GoA3/GoA4 systems; GoA1 vs. GoA2 unverified,https://en.wikipedia.org/wiki/List_of_driverless_train_systems,Line 6 Shohada Square - Dowlat Abad (9 km),,a7bd8d91
2019-04-25,Panama,Panama City,Line 2,metro,22.0,no,yes,yes,GoA2,no,not in Wikipedia's list of GoA3/GoA4 systems; GoA1 vs. GoA2 unverified,https://en.wikipedia.org/wiki/List_of_driverless_train_systems,Line 2 San Miguelito - Nuevo Tocumen (22 km),,7543a7f7
2019-04-26,China,Fuzhou,Line 2,metro,30.0,no,yes,yes,GoA2,no,CAMET: not FAO (inferred from its FAO tables and totals),https://www.camet.org.cn/xytj/tjxx/ (reports in data/raw/camet/),Line 2 Suyang - Yangli (30 km),,bef6ce89
2019-05-08,Qatar,Doha,Red Line,metro,,no,yes,yes,GoA4,yes,UTO,https://en.wikipedia.org/wiki/List_of_driverless_train_systems,Red Line Al Qassar - Al Wakra,,494d7710
2019-05-20,China,Zhengzhou,Line 5,metro,40.0,no,yes,yes,GoA2,no,CAMET: not FAO (inferred from its FAO tables and totals),https://www.camet.org.cn/xytj/tjxx/ (reports in data/raw/camet/),Line 5 Circle Line (40 km),,144f54e2
2019-05-25,China,Shenyang,Line 9,metro,29.0,no,yes,yes,GoA2,no,CAMET: not FAO (inferred from its FAO tables and totals),https://www.camet.org.cn/xytj/tjxx/ (reports in data/raw/camet/),Line 9 Nujianggongyuan - Jianzhudaxue (29 km),,2760dec0
2019-05-26,Australia,Sydney,Sydney Metro North West,metro,36.0,no,yes,yes,GoA4,yes,UTO,https://www.abc.net.au/news/2019-05-26/sydney-metro-driverless-train-opens-but-delays-occur/11150794,NW Metro Chatswood - Tallawong (36 km),,ba59e240
2019-05-26,China,Changsha,Line 4,metro,33.5,no,yes,yes,GoA2,no,CAMET: not FAO (inferred from its FAO tables and totals),https://www.camet.org.cn/xytj/tjxx/ (reports in data/raw/camet/),Line 4 Guanziling - Dujiaping (33.5 km),,b19401fa
2019-06-03,Russia,Moscow,Line 15,metro,5.3,no,yes,yes,GoA2,no,not in Wikipedia's list of GoA3/GoA4 systems; GoA1 vs. GoA2 unverified,https://en.wikipedia.org/wiki/List_of_driverless_train_systems,Line 15 Kosino - Nekrasovka (5.3 km),,2367206f
2019-06-06,China,Nanning,Line 3,metro,27.9,no,yes,yes,GoA2,no,CAMET: not FAO (inferred from its FAO tables and totals),https://www.camet.org.cn/xytj/tjxx/ (reports in data/raw/camet/),Line 3 Keyuan Dadao - Pingliang Overpass (27.9 km),,eab02895
2019-06-11,Indonesia,Jakarta,Jakarta LRT Line 1,light rail,5.8,no,yes,yes,GoA2,no,not in Wikipedia's list of GoA3/GoA4 systems; GoA1 vs. GoA2 unverified,https://en.wikipedia.org/wiki/List_of_driverless_train_systems,LRT Velodrome - Kelapa Gading Mall (5.8 km),,356fec85
2019-06-23,China,Lanzhou,Line 1,metro,26.8,no,yes,yes,GoA2,no,CAMET: not FAO (inferred from its FAO tables and totals),https://www.camet.org.cn/xytj/tjxx/ (reports in data/raw/camet/),Line 1 Chenguanying - Donggang (26.8 km),,9fa7e9b4
2019-06-24,China,Hangzhou,Line 5,metro,16.2,no,yes,yes,GoA2,no,CAMET: not FAO (inferred from its FAO tables and totals),https://www.camet.org.cn/xytj/tjxx/ (reports in data/raw/camet/),Line 5 Liangmu Road - Shanxian (16.2 km),,7df04b8d
2019-06-30,China,Ningbo,Line 3,metro,16.7,no,yes,yes,GoA2,no,CAMET: only phase 2 (2024) is FAO,https://www.camet.org.cn/xytj/tjxx/ (reports in data/raw/camet/),Line 3 Datong Bridge - Gaotang Bridge (16.7 km),,b8f395d9
2019-09-14,Canada,Ottawa,Confederation Line,light rail,12.5,no,yes,yes,GoA2,no,not in Wikipedia's list of GoA3/GoA4 systems; GoA1 vs. GoA2 unverified,https://en.wikipedia.org/wiki/List_of_driverless_train_systems,Confederation Line Blair - Tunney’s Pasture (12.5 km),,b6e996d9
2019-09-19,China,Zhengzhou,Line 14,metro,,no,yes,yes,GoA2,no,CAMET: not FAO (inferred from its FAO tables and totals),https://www.camet.org.cn/xytj/tjxx/ (reports in data/raw/camet/),Line 14 Tielu - Olympic Sports Center (xx km),,32ceb38d
2019-09-21,China,Changzhou,Line 1,metro,34.2,no,yes,yes,GoA2,no,CAMET: not FAO (inferred from its FAO tables and totals),https://www.camet.org.cn/xytj/tjxx/ (reports in data/raw/camet/),Line 1 Forest Park - Nanxiashu (34.2 km),,cad3c641
2019-09-26,China,Beijing,Daxing Airport Express,airport express metro,41.4,no,yes,yes,GoA4,yes,listed as GoA4 in 2020 coverage; fills the gap in CAMET's pre-2021 FAO km total,https://www.sohu.com/a/439126261_729676,Daxing Airport Express Cao Qiao - Daxing Airport (41.4 km),,5fc70da0
2019-09-28,China,Xuzhou,Line 1,metro,22.0,no,yes,yes,GoA2,no,CAMET: not FAO (inferred from its FAO tables and totals),https://www.camet.org.cn/xytj/tjxx/ (reports in data/raw/camet/),Line 1 Luwo - Xuzhou East Railway Station (22 km),,870881d4
2019-09-28,South Korea,Gimpo,Gimpo Gold Line,light metro,23.5,no,yes,yes,GoA4,yes,UTO,https://en.wikipedia.org/wiki/List_of_driverless_train_systems,Gimpo Gold Line Gimpo Airport - Yangchon (23.5 km),,f64ced85
2019-09-29,China,Xi'an,Airport Intercity Line,metro,29.3,no,yes,yes,GoA2,no,CAMET: not FAO (inferred from its FAO tables and totals),https://www.camet.org.cn/xytj/tjxx/ (reports in data/raw/camet/),"Airport Intercity Line Beikezhan (North Railway Station) - Airport West (T1, T2, T3) (29.3 km)",,5e2019d5
2019-09-29,Denmark,Copenhagen,M3,metro,15.5,no,yes,yes,GoA4,yes,UTO,https://en.wikipedia.org/wiki/List_of_driverless_train_systems,M3 Cityringen (15.5 km),,2e48d15d
2019-10-04,India,Delhi,Grey Line,metro,4.3,no,yes,yes,GoA2.5,yes,"GoA2.5: GoA4-capable CBTC (CITYFLO 650), run with drivers",https://en.wikipedia.org/wiki/List_of_driverless_train_systems,Grey Line Dwarka - Najafgarh (4.3 km),,09c8e89c
2019-11-21,Qatar,Doha,Gold Line,metro,14.0,no,yes,yes,GoA4,yes,UTO,https://en.wikipedia.org/wiki/List_of_driverless_train_systems,Gold Line Al Aziziyah - Ras Bu Abboud (14 km),,48d252cc
2019-12-10,Macau,Macau,Taipa Line,light metro,9.3,no,yes,yes,GoA4,yes,UTO,https://macauhub.com.mo/2019/12/10/pt-linha-da-taipa-do-metro-ligeiro-de-macau-entra-em-funcionamento/,Linha da Taipa Oceano - Terminal Marítimo da Taipa (9.3 km),,57472e7a
2019-12-10,Qatar,Doha,Green Line,metro,22.0,no,yes,yes,GoA4,yes,UTO,https://en.wikipedia.org/wiki/List_of_driverless_train_systems,Green Line Al Riffa - Al Mansoura (22 km),,a1761b03
2019-12-25,China,Suzhou,Line 3,metro,45.3,no,yes,yes,GoA2,no,CAMET: not FAO (inferred from its FAO tables and totals),https://www.camet.org.cn/xytj/tjxx/ (reports in data/raw/camet/),Line 3 Suzhou Xinqu Railway Station - Weiting (45.3 km),,e402efc2
2019-12-25,China,Xiamen,Line 2,metro,41.6,no,yes,yes,GoA2,no,CAMET: not FAO (inferred from its FAO tables and totals),https://www.camet.org.cn/xytj/tjxx/ (reports in data/raw/camet/),Line 2 Wuyuanwan - Tianzhushan (41.6 km),,ba5f4ddf
2019-12-26,China,Hefei,Line 3,metro,37.2,no,yes,yes,GoA2,no,CAMET: not FAO (inferred from its FAO tables and totals),https://www.camet.org.cn/xytj/tjxx/ (reports in data/raw/camet/),Line 3 Xiangcheng Road - Xingfuba (37.2 km),,84d4fa69
2019-12-27,China,Chengdu,Line 5,metro,49.0,no,yes,yes,GoA2,no,CAMET: not FAO (inferred from its FAO tables and totals),https://www.camet.org.cn/xytj/tjxx/ (reports in data/raw/camet/),Line 5 Huagui Rd - Huilong (49 km),,b14317e1
2019-12-28,China,Jinan,Line 3,metro,21.6,no,yes,yes,GoA2,no,CAMET: not FAO (inferred from its FAO tables and totals),https://www.camet.org.cn/xytj/tjxx/ (reports in data/raw/camet/),Line 3 Tantou - Longdong (21.6 km),,ab3a6dcf
2019-12-29,China,Hohhot,Line 1,metro,21.7,no,yes,yes,GoA2,no,CAMET: not FAO (inferred from its FAO tables and totals),https://www.camet.org.cn/xytj/tjxx/ (reports in data/raw/camet/),Line 1 Yili Health Valley - Bayan (Airport) (21.7 km),,65cbbeb3
2020-01-28,India,Nagpur,Aqua Line,metro,9.7,no,yes,yes,GoA2,no,not in Wikipedia's list of GoA3/GoA4 systems; GoA1 vs. GoA2 unverified,https://en.wikipedia.org/wiki/List_of_driverless_train_systems,"Aqua Line Lokmanya Nagar - Sitabuldi (9.7 km, 6 stations only)",first opening of the Aqua Line,563aa654
2020-01-31,Singapore,Singapore,Thomson–East Coast Line,metro,3.2,no,yes,yes,GoA4,yes,UTO,https://en.wikipedia.org/wiki/List_of_driverless_train_systems,TEL Woodlands North – Woodlands South (3.2 km),,862bb950
2020-01-31,Taiwan,Taipei,Circular Line,metro,15.4,no,yes,yes,GoA4,yes,driverless medium-capacity line,https://en.wikipedia.org/wiki/List_of_driverless_train_systems,Yellow (Circular) Line New Taipei Industrial Park – Dapinglin (15.4 km),,d1376607
2020-02-07,India,Hyderabad,Green Line,metro,11.0,no,yes,yes,GoA2,no,not in Wikipedia's list of GoA3/GoA4 systems; GoA1 vs. GoA2 unverified,https://en.wikipedia.org/wiki/List_of_driverless_train_systems,Green Line JBS Parade Ground – Mahatma Gandhi Bus Station (11 km),,b67b8c25
2020-02-13,India,Kolkata,Line 2 East–West,metro,5.0,no,yes,yes,GoA2,no,not in Wikipedia's list of GoA3/GoA4 systems; GoA1 vs. GoA2 unverified,https://en.wikipedia.org/wiki/List_of_driverless_train_systems,Line 2 Salt Lake Sector V – Salt Lake Stadium (5 km),,99f94c4d
2020-03-28,Denmark,Copenhagen,M4,metro,2.2,no,yes,yes,GoA4,yes,UTO,https://en.wikipedia.org/wiki/List_of_driverless_train_systems,M4 Østerport – Orientkaj (2.2 km),"new M4 service with its own Nordhavn branch, sharing the M3 Cityringen tunnel",77d544d1
2020-04-23,China,Hangzhou,Line 16,metro,35.0,no,yes,yes,GoA2,no,CAMET: not FAO (inferred from its FAO tables and totals),https://www.camet.org.cn/xytj/tjxx/ (reports in data/raw/camet/),L16 Lüting Road – Jiuzhou Street (35 km),,ba0407f3
2020-04-29,China,Shenyang,Line 10,metro,27.2,no,yes,yes,GoA2,no,CAMET: not FAO (inferred from its FAO tables and totals),https://www.camet.org.cn/xytj/tjxx/ (reports in data/raw/camet/),L10 Dingxianghu – Zhangshabu (27.2 km),,70de004b
2020-06-28,China,Changsha,Line 5,metro,22.5,no,yes,yes,GoA2,no,CAMET: not FAO (inferred from its FAO tables and totals),https://www.camet.org.cn/xytj/tjxx/ (reports in data/raw/camet/),Line 5 Shuiduhe – Maozhutang (22.5 km),,968d12ca
2020-08-18,China,Shenzhen,Line 10,metro,28.9,no,yes,yes,GoA2,no,CAMET: not FAO (inferred from its FAO tables and totals),https://www.camet.org.cn/xytj/tjxx/ (reports in data/raw/camet/),Line 10 Futian Checkpoint – Shuangyong Street (28.9 km),,0eb23883
2020-08-18,China,Shenzhen,Line 6,metro,49.1,no,yes,yes,GoA2,no,CAMET: not FAO (inferred from its FAO tables and totals),https://www.camet.org.cn/xytj/tjxx/ (reports in data/raw/camet/),Line 6 Science Museum – Songgang (49.1 km),,33c99f8c
2020-08-26,Bulgaria,Sofia,M3,metro,7.8,no,yes,yes,GoA2,no,not in Wikipedia's list of GoA3/GoA4 systems; GoA1 vs. GoA2 unverified,https://en.wikipedia.org/wiki/List_of_driverless_train_systems,M3 Krasno Selo – Hadzhi Dimitar (7.8 km),,ff4a6891
2020-08-26,China,Shijiazhuang,Line 2,metro,15.5,no,yes,yes,GoA2,no,CAMET: not FAO (inferred from its FAO tables and totals),https://www.camet.org.cn/xytj/tjxx/ (reports in data/raw/camet/),Line 2 Liuxinzhuang – Jiahualu (15.5 km),,66aa5a21
2020-08-30,Uzbekistan,Tashkent,Circle Line,metro,11.0,no,yes,yes,GoA2,no,not in Wikipedia's list of GoA3/GoA4 systems; GoA1 vs. GoA2 unverified,https://en.wikipedia.org/wiki/List_of_driverless_train_systems,Circle Line Do'stlik-2 – Qo'ylik (11 km),,79c1d867
2020-09-12,Mexico,Guadalajara,Line 3,metro,19.8,no,yes,yes,GoA2,no,not in Wikipedia's list of GoA3/GoA4 systems; GoA1 vs. GoA2 unverified,https://en.wikipedia.org/wiki/List_of_driverless_train_systems,L3 Arcos de Zapopan – Central de Autobuses (19.8 km),,475c3a2f
2020-09-15,Romania,Bucharest,M5,metro,7.2,no,yes,yes,GoA2,no,not in Wikipedia's list of GoA3/GoA4 systems; GoA1 vs. GoA2 unverified,https://en.wikipedia.org/wiki/List_of_driverless_train_systems,M5 Eroilor – Valea Ialomitei / Raul Doamnei (7.2 km),,4e527387
2020-09-23,China,Kunming,Line 4,metro,43.4,no,yes,yes,GoA2,no,CAMET: not FAO (inferred from its FAO tables and totals),https://www.camet.org.cn/xytj/tjxx/ (reports in data/raw/camet/),Line 4 Jinchuan Road – Kunming South Railway Station (43.4 km),,59ad9312
2020-09-27,China,Chengdu,Line 18,suburban metro,48.2,no,yes,yes,GoA2,no,CAMET: not FAO (inferred from its FAO tables and totals),https://www.camet.org.cn/xytj/tjxx/ (reports in data/raw/camet/),Line 18 South Railway Station – Sancha (48.2 km),,a07cc4af
2020-10-01,China,Hohhot,Line 2,metro,28.2,no,yes,yes,GoA2,no,CAMET: not FAO (inferred from its FAO tables and totals),https://www.camet.org.cn/xytj/tjxx/ (reports in data/raw/camet/),Line 2 Talidonglu – A'ershanlu (28.2 km),,8d7ef6c2
2020-10-25,Pakistan,Lahore,Orange Line,metro,27.1,no,yes,yes,GoA4,yes,described as Pakistan's first driverless metro,https://en.wikipedia.org/wiki/Orange_Line_(Lahore_Metro),Orange Line Ali Town – Dera Gujran (27.1 km),,2d8b136c
2020-10-28,China,Wuxi,Line 3,metro,28.5,no,yes,yes,GoA2,no,CAMET: not FAO (inferred from its FAO tables and totals),https://www.camet.org.cn/xytj/tjxx/ (reports in data/raw/camet/),Line 3 Sumiao – Sunan Shuofang International Airport (28.5 km),,8118e389
2020-10-28,Turkey,Istanbul,M7,metro,16.7,no,yes,yes,GoA4,yes,UTO,https://en.wikipedia.org/wiki/List_of_driverless_train_systems,M7 Mahmutbey – Sisli-Mecidiyeköy (16.7 km),,afa9106b
2020-11-07,Belarus,Minsk,Line 3,metro,3.5,no,yes,yes,GoA2,no,not in Wikipedia's list of GoA3/GoA4 systems; GoA1 vs. GoA2 unverified,https://en.wikipedia.org/wiki/List_of_driverless_train_systems,Line 3 Yubileynaya Ploshchad' – Koval'skaya Sloboda (3.5 km),,ede5b088
2020-11-28,China,Xuzhou,Line 2,metro,24.2,no,yes,yes,GoA2,no,CAMET: not FAO (inferred from its FAO tables and totals),https://www.camet.org.cn/xytj/tjxx/ (reports in data/raw/camet/),Line 2 Keyunbeizhan – Xinchengqudong (24.2 km),,051b4c41
2020-12-16,Thailand,Bangkok,Gold Line,people mover,1.8,no,yes,yes,GoA4,yes,UTO,https://en.wikipedia.org/wiki/List_of_driverless_train_systems,Gold Line (APM) Krung Thona Buri – Khlong San (1.8 km),,faae767a
2020-12-18,China,Chengdu,Line 17,metro,25.3,no,yes,yes,GoA2,no,CAMET: not FAO (inferred from its FAO tables and totals),https://www.camet.org.cn/xytj/tjxx/ (reports in data/raw/camet/),Line 17 Jitouqiao – Jinxing (25.3 km),,a1991491
2020-12-18,China,Chengdu,Line 6,metro,69.7,no,yes,yes,GoA2,no,CAMET: not FAO (inferred from its FAO tables and totals),https://www.camet.org.cn/xytj/tjxx/ (reports in data/raw/camet/),Line 6 Wangcong Temple – Lanjiagou (69.7 km),,b0ff8a87
2020-12-18,China,Chengdu,Line 8,metro,28.8,no,yes,yes,GoA2,no,CAMET: not FAO (inferred from its FAO tables and totals),https://www.camet.org.cn/xytj/tjxx/ (reports in data/raw/camet/),Line 8 Lianhua – Shilidian (28.8 km),,1b2323bb
2020-12-18,China,Chengdu,Line 9,metro,21.8,no,yes,yes,GoA4,yes,CAMET: FAO,https://www.camet.org.cn/xytj/tjxx/ (reports in data/raw/camet/),Line 9 Huangtianba – Financial City East (21.8 km),,232b9dbf
2020-12-23,China,Ningbo,Line 4,metro,36.5,no,yes,yes,GoA2,no,CAMET: not FAO (inferred from its FAO tables and totals),https://www.camet.org.cn/xytj/tjxx/ (reports in data/raw/camet/),Line 4 Cicheng – Dongqian Lake (36.5 km),,d2a8e187
2020-12-24,China,Qingdao,Line 1,metro,21.9,no,yes,yes,GoA2,no,CAMET: not FAO (inferred from its FAO tables and totals),https://www.camet.org.cn/xytj/tjxx/ (reports in data/raw/camet/),Line 1 Qingdao North Railway Station – Dongguozhuang (21.9 km),,b51c5160
2020-12-24,China,Qingdao,Line 8,suburban metro,48.3,no,yes,yes,GoA2,no,CAMET: not FAO (inferred from its FAO tables and totals),https://www.camet.org.cn/xytj/tjxx/ (reports in data/raw/camet/),Line 8 Qingdao North Railway Station – Jiaozhou North Railway Station (48.3 km),,5776437b
2020-12-26,China,Hefei,Line 5,metro,23.2,no,yes,yes,GoA2,no,CAMET: not FAO (inferred from its FAO tables and totals),https://www.camet.org.cn/xytj/tjxx/ (reports in data/raw/camet/),Line 5 Wanghucheng West – Guiyanglu (23.2 km),,9f5dc066
2020-12-26,China,Nanchang,Line 3,metro,28.5,no,yes,yes,GoA2,no,CAMET: not FAO (inferred from its FAO tables and totals),https://www.camet.org.cn/xytj/tjxx/ (reports in data/raw/camet/),Line 3 Jingdong Avenue – Yinsanjiao North (28.5 km),,fe2a2e14
2020-12-26,China,Shanghai,Line 18,metro,14.5,no,yes,yes,GoA4,yes,CAMET: FAO (2021 and 2025 tables),https://www.camet.org.cn/xytj/tjxx/ (reports in data/raw/camet/),Line 18 Hangtou – Yuqiao (14.5 km),,ec6f1fd1
2020-12-26,China,Taiyuan,Line 2,metro,23.7,no,yes,yes,GoA4,yes,CAMET: FAO,https://www.camet.org.cn/xytj/tjxx/ (reports in data/raw/camet/),Line 2 Jiancaoping – Xiqiao (23.7 km),,38d25464
2020-12-26,China,Zhengzhou,Line 3,metro,24.3,no,yes,yes,GoA2,no,CAMET: not FAO (inferred from its FAO tables and totals),https://www.camet.org.cn/xytj/tjxx/ (reports in data/raw/camet/),Line 3 Henan Sports Center – Henan Orthopaedics Hospital (24.3 km),,4b6375f0
2020-12-26,China,Zhengzhou,Line 4,metro,29.3,no,yes,yes,GoA2,no,CAMET: not FAO (inferred from its FAO tables and totals),https://www.camet.org.cn/xytj/tjxx/ (reports in data/raw/camet/),Line 4 Laoyachen – Langzhuang (29.3 km),,acdaad39
2020-12-28,China,Xi'an,Line 5,metro,41.6,no,yes,yes,GoA2,no,CAMET: not FAO (inferred from its FAO tables and totals),https://www.camet.org.cn/xytj/tjxx/ (reports in data/raw/camet/),Line 5 Matengkong – Chuangxingang (41.6 km),,9a4469df
2020-12-28,China,Xi'an,Line 6,metro,15.6,no,yes,yes,GoA2,no,CAMET: not FAO (inferred from its FAO tables and totals),https://www.camet.org.cn/xytj/tjxx/ (reports in data/raw/camet/),Line 6 Northwestern Polytechnical University – Xi’an Int’l Medical Center (15.6 km),,17822b50
2020-12-28,China,Xi'an,Line 9,metro,25.3,no,yes,yes,GoA2,no,CAMET: not FAO (inferred from its FAO tables and totals),https://www.camet.org.cn/xytj/tjxx/ (reports in data/raw/camet/),Line 9 Fangzhicheng – Qinlingxi (25.3 km),,f8a35b2f
2020-12-30,China,Hangzhou,Line 6,metro,50.5,no,yes,yes,GoA2,no,CAMET: not FAO (inferred from its FAO tables and totals),https://www.camet.org.cn/xytj/tjxx/ (reports in data/raw/camet/),Line 6 Qianjiang Century City – Shuangpu / West Guihua Road (50.5 km),,4bce181b
2020-12-30,China,Hangzhou,Line 7,metro,39.3,no,yes,yes,GoA2,no,CAMET: not FAO (inferred from its FAO tables and totals),https://www.camet.org.cn/xytj/tjxx/ (reports in data/raw/camet/),Line 7 Olympic Sports Center – Jiangdong'er Road (39.3 km),,0080d551
2021-01-23,China,Shanghai,Line 15,metro,42.3,no,yes,yes,GoA4,yes,CAMET: FAO (2021 table),https://www.camet.org.cn/xytj/tjxx/ (reports in data/raw/camet/),Line 15 Gucun Park – Zizhu Hi-tech Park (42.3 km),,573354a6
2021-02-27,Mexico,Monterrey,Line 3,metro,7.5,no,yes,yes,GoA2,no,not in Wikipedia's list of GoA3/GoA4 systems; GoA1 vs. GoA2 unverified,https://en.wikipedia.org/wiki/List_of_driverless_train_systems,Line 3 Gral. I. Zaragoza – Hospital Metropolitano (7.5 km),,cd9e8c15
2021-03-26,China,Jinan,Line 2,metro,36.4,no,yes,yes,GoA4,yes,CAMET: FAO (2021 table),https://www.camet.org.cn/xytj/tjxx/ (reports in data/raw/camet/),Line 2 Wangfuzhuang – Pengjiazhuang (36.4 km),,2e22bcb1
2021-03-28,China,Luoyang,Line 1,metro,,no,yes,yes,GoA2,no,CAMET: not FAO (inferred from its FAO tables and totals),https://www.camet.org.cn/xytj/tjxx/ (reports in data/raw/camet/),Line 1 Hongshan – Yangwan,,ac8226a9
2021-04-16,China,Chongqing,Bishan Yunba (SkyShuttle),people mover,15.4,no,yes,yes,GoA4,yes,CAMET: FAO (2021 table),https://www.camet.org.cn/xytj/tjxx/ (reports in data/raw/camet/),""" Chongqing Yunba "" Bishan Metro Station – Bishan Chengyu Railway Station (15.4 km)",,bc7f3435
2021-04-25,Taiwan,Taichung,Green Line,metro,17.0,no,yes,yes,GoA4,yes,driverless,https://en.wikipedia.org/wiki/List_of_driverless_train_systems,Green Line Beitunzhongzhan – Taichung High Speed Railway Station (17.0 km; revenue service),,a02d4366
2021-04-28,China,Guiyang,Line 2,metro,40.6,no,yes,yes,GoA2,no,CAMET: not FAO (inferred from its FAO tables and totals),https://www.camet.org.cn/xytj/tjxx/ (reports in data/raw/camet/),Line 2 North Baiyun Road – Zhongxing Road (40.6 km),,1c204999
2021-05-29,Turkey,Istanbul,M9,metro,2.0,no,yes,yes,GoA4,yes,UTO,https://en.wikipedia.org/wiki/M9_(Istanbul_Metro),M9 [Olimpiyat –] Ikitelli Sanayi – Bahariye (2 km),,aa8aad91
2021-06-25,China,Xiamen,Line 3,metro,26.3,no,yes,yes,GoA2,no,CAMET: not FAO (inferred from its FAO tables and totals),https://www.camet.org.cn/xytj/tjxx/ (reports in data/raw/camet/),Line 3 Xiamen Railway Station – Caicuo (26.3 km),,0e2e2976
2021-06-28,China,Changzhou,Line 2,metro,19.8,no,yes,yes,GoA2,no,CAMET: not FAO (inferred from its FAO tables and totals),https://www.camet.org.cn/xytj/tjxx/ (reports in data/raw/camet/),Line 2 Qingfeng Park – Wuyilu (19.8 km),,8282d706
2021-06-28,China,Hangzhou,Hanghai Intercity,suburban metro,46.4,no,yes,yes,GoA2,no,CAMET: not FAO (inferred from its FAO tables and totals),https://www.camet.org.cn/xytj/tjxx/ (reports in data/raw/camet/),Hanghai Intercity Yuhang High-speed Railway Station – Haining Zhanggong (46.4 km),missing from UrbanRail.net; listed by CAMET,
2021-06-28,China,Hangzhou,Line 8,metro,17.1,no,yes,yes,GoA2,no,CAMET: not FAO (inferred from its FAO tables and totals),https://www.camet.org.cn/xytj/tjxx/ (reports in data/raw/camet/),Line 8 South Wenhai Road – Xinwan Road (17.1 km),,12ae03d4
2021-06-28,China,Xuzhou,Line 3,metro,18.1,no,yes,yes,GoA2,no,CAMET: not FAO (inferred from its FAO tables and totals),https://www.camet.org.cn/xytj/tjxx/ (reports in data/raw/camet/),Line 3 Xiadian – Gaoxinqunan (18.1 km),,1ebd2165
2021-06-29,China,Suzhou,Line 5,metro,44.1,no,yes,yes,GoA4,yes,CAMET: FAO (2021 table),https://www.camet.org.cn/xytj/tjxx/ (reports in data/raw/camet/),Line 5 Taihu Xiangshan – Yangchenghu South (44.1 km),,06fa5c9e
2021-07-05,China,Shaoxing,Line 1,metro,20.3,no,yes,yes,GoA2,no,CAMET: not FAO (inferred from its FAO tables and totals),https://www.camet.org.cn/xytj/tjxx/ (reports in data/raw/camet/),Line 1 Guniangqiao – China Textile City (20.3 km),,e0810980
2021-08-18,China,Foshan,Nanhai New Transit,light rail,9.5,no,yes,yes,GoA2,no,CAMET: not FAO (inferred from its FAO tables and totals),https://www.camet.org.cn/xytj/tjxx/ (reports in data/raw/camet/),Nanhai New Transit Leigang – Sanshanxinchengbei (9.5 km),,0d66ea9a
2021-09-19,China,Harbin,Line 2,metro,28.7,no,yes,yes,GoA2,no,CAMET: not FAO (inferred from its FAO tables and totals),https://www.camet.org.cn/xytj/tjxx/ (reports in data/raw/camet/),Jiangbei University Town – Meteorological Observatory (28.7 km),,22e3b116
2021-09-28,China,Guangzhou,Line 18,suburban metro,58.3,no,yes,yes,GoA4,yes,CAMET: designed for FAO; opened with drivers in 2021 and FAO from January 2023,https://www.camet.org.cn/xytj/tjxx/ (reports in data/raw/camet/),Line 18 Xiancun - Wanqingsha (58.3 km),,2ac91bbd
2021-11-03,China,Wuhu,Line 1,monorail,30.4,no,yes,yes,GoA4,yes,CAMET: FAO (2021 table),https://www.camet.org.cn/xytj/tjxx/ (reports in data/raw/camet/),Line 1 (Monorail) Baoshunlu – Baimashan (30.4 km),,ee419905
2021-11-06,Vietnam,Hanoi,Line 2A,metro,12.8,no,yes,yes,GoA2,no,not in Wikipedia's list of GoA3/GoA4 systems; GoA1 vs. GoA2 unverified,https://en.wikipedia.org/wiki/List_of_driverless_train_systems,Line 2 Cat Linh – Yen Nghia (12.8 km),,c1c840d8
2021-12-16,China,Nanning,Line 5,metro,20.2,no,yes,yes,GoA4,yes,CAMET: FAO (2021 table),https://www.camet.org.cn/xytj/tjxx/ (reports in data/raw/camet/),Line 5 Jinqiao Coach Station – Guokai Dadao (20.2 km),,fbaef2b4
2021-12-17,China,Wuxi,Line 4,metro,25.4,no,yes,yes,GoA2,no,CAMET: not FAO (inferred from its FAO tables and totals),https://www.camet.org.cn/xytj/tjxx/ (reports in data/raw/camet/),Line 4 Liutan – Wuxi Taihu International Expo Center (25.4 km),,043d115f
2021-12-26,China,Hefei,Line 4,metro,41.4,no,yes,yes,GoA2,no,CAMET: not FAO (inferred from its FAO tables and totals),https://www.camet.org.cn/xytj/tjxx/ (reports in data/raw/camet/),Line 4 Zongbaoqu – Qinglonggang (41.4 km),,d084ccb2
2021-12-26,China,Luoyang,Line 2,metro,18.2,no,yes,yes,GoA2,no,CAMET: not FAO (inferred from its FAO tables and totals),https://www.camet.org.cn/xytj/tjxx/ (reports in data/raw/camet/),Line 2 Erqiao Road – Balitang (18.2 km),,3b14231b
2021-12-26,China,Nanchang,Line 4,metro,39.6,no,yes,yes,GoA2,no,CAMET: not FAO (inferred from its FAO tables and totals),https://www.camet.org.cn/xytj/tjxx/ (reports in data/raw/camet/),Line 4 Baimashan – Yuweizhou (39.6 km),,9bb09e74
2021-12-26,China,Wuhan,Line 16,metro,31.7,no,yes,yes,GoA4,yes,CAMET: FAO (2021 table),https://www.camet.org.cn/xytj/tjxx/ (reports in data/raw/camet/),Line 16 Zhoujiahe – South International Expo Center (31.7 km),,8c7337fa
2021-12-26,China,Wuhan,Line 5,metro,34.6,no,yes,yes,GoA4,yes,CAMET: FAO (2021 table),https://www.camet.org.cn/xytj/tjxx/ (reports in data/raw/camet/),Line 5 Hubei University of Chinese Medicine – East Square of Wuhan Railway Station (34.6 km),,7f06e0f8
2021-12-28,China,Dalian,Line 13,suburban metro,43.0,no,yes,yes,GoA2,no,CAMET: not FAO (inferred from its FAO tables and totals),https://www.camet.org.cn/xytj/tjxx/ (reports in data/raw/camet/),Line 13 Jiuli – Pulandian Zhenxing Street (43 km),,1a79ca9c
2021-12-28,China,Foshan,Line 2,metro,32.4,no,yes,yes,GoA2,no,CAMET: not FAO (inferred from its FAO tables and totals),https://www.camet.org.cn/xytj/tjxx/ (reports in data/raw/camet/),Line 2 Nanzhuang – Guangzhou South Railway Station (32.4 km),,1826b09b
2021-12-28,China,Nanjing,S6,suburban metro,43.6,no,yes,yes,GoA2,no,CAMET: not FAO (inferred from its FAO tables and totals),https://www.camet.org.cn/xytj/tjxx/ (reports in data/raw/camet/),Line S6 Maqun – Jurong (43.6 km),,66458ede
2021-12-28,China,Ningbo,Line 5,metro,27.6,no,yes,yes,GoA4,yes,CAMET: FAO (2021 table),https://www.camet.org.cn/xytj/tjxx/ (reports in data/raw/camet/),Line 5 Buzheng – Xingzhuang Road (27.6 km),,21d114fe
2021-12-28,China,Shenzhen,Line 20,metro,8.4,no,yes,yes,GoA4,yes,CAMET: FAO (2021 table),https://www.camet.org.cn/xytj/tjxx/ (reports in data/raw/camet/),Line 20 Airport North – Convention & Exhibition City (8.4 km),,ac45e587
2021-12-28,China,Tianjin,Line 4,metro,19.4,no,yes,yes,GoA2,no,CAMET: not FAO (inferred from its FAO tables and totals),https://www.camet.org.cn/xytj/tjxx/ (reports in data/raw/camet/),Line 4 Dongnanjiao – Xinxingcun (19.4 km),,99cc751f
2021-12-28,China,Wuhu,Line 2,monorail,15.8,no,yes,yes,GoA4,yes,CAMET: FAO (2021 table),https://www.camet.org.cn/xytj/tjxx/ (reports in data/raw/camet/),Line 2 Jiuziguangchang – Wanchunhulu (15.8 km),,4de6544a
2021-12-29,India,Kanpur,Orange Line,metro,8.7,no,yes,yes,GoA2,no,not in Wikipedia's list of GoA3/GoA4 systems; GoA1 vs. GoA2 unverified,https://en.wikipedia.org/wiki/List_of_driverless_train_systems,Blue Line IIT Kanpur – Moti Jheel (8.7 km),,b4027ce5
2021-12-30,China,Shanghai,Line 14,metro,38.2,no,yes,yes,GoA4,yes,CAMET: FAO (2021 table),https://www.camet.org.cn/xytj/tjxx/ (reports in data/raw/camet/),Line 14 Fengbang – Guiqiao Road (38.2 km),,d481a6c1
2021-12-31,China,Beijing,Line 11,metro,1.6,no,yes,yes,GoA4,yes,CAMET: FAO (2021 table),https://www.camet.org.cn/xytj/tjxx/ (reports in data/raw/camet/),Line 11 Jin'anqiao – Xinshougang,split from a combined UrbanRail entry,
2021-12-31,China,Beijing,Line 17,metro,16.5,no,yes,yes,GoA4,yes,CAMET: FAO (2021 table),https://www.camet.org.cn/xytj/tjxx/ (reports in data/raw/camet/),Line 17 Shilihe – Jiahuihu (16.5 km),,612ada12
2021-12-31,China,Beijing,Line 19,metro,22.4,no,yes,yes,GoA4,yes,CAMET: FAO (2021 table),https://www.camet.org.cn/xytj/tjxx/ (reports in data/raw/camet/),Line 19 Mudanyuan – Xingong (22.4 km),,6efbc0a6
2022-01-25,China,Chongqing,Line 9,metro,31.5,no,yes,yes,GoA2,no,CAMET: not FAO (inferred from its FAO tables and totals),https://www.camet.org.cn/xytj/tjxx/ (reports in data/raw/camet/),Line 9 Gaotanyan – Xingkedadao (31.5 km),,72691d4e
2022-02-21,China,Hangzhou,Line 10,metro,12.0,no,yes,yes,GoA2,no,CAMET: not FAO (inferred from its FAO tables and totals),https://www.camet.org.cn/xytj/tjxx/ (reports in data/raw/camet/),Line 10 Yisheng Road – Cuibai Road (12 km),,d62aa90e
2022-02-21,China,Hangzhou,Line 3,metro,21.0,no,yes,yes,GoA2,no,CAMET: not FAO (inferred from its FAO tables and totals),https://www.camet.org.cn/xytj/tjxx/ (reports in data/raw/camet/),Line 3 Chaowang Road – Xingqiao (21 km),,99d29551
2022-03-06,India,Pune,Aqua Line,metro,5.0,no,yes,yes,GoA2,no,not in Wikipedia's list of GoA3/GoA4 systems; GoA1 vs. GoA2 unverified,https://en.wikipedia.org/wiki/List_of_driverless_train_systems,Vanaz – Garware College (5 km),,30b264af
2022-03-06,India,Pune,Purple Line,metro,5.8,no,yes,yes,GoA2,no,not in Wikipedia's list of GoA3/GoA4 systems; GoA1 vs. GoA2 unverified,https://en.wikipedia.org/wiki/List_of_driverless_train_systems,Pimpri – Phugewadi (5.8 km),,c41e7a26
2022-03-31,China,Guangzhou,Line 22,suburban metro,18.2,no,yes,yes,GoA4,yes,CAMET: FAO (2022 and 2025 tables),https://www.camet.org.cn/xytj/tjxx/ (reports in data/raw/camet/),Line 22 Panyu Square – Chentougang (18.2 km),,0d63cd79
2022-04-02,India,Mumbai,Line 2A,metro,8.9,no,yes,yes,GoA2.5,yes,GoA2.5: built for UTO (GoA4-capable trains and signalling) but run with a driver in the cab,https://www.railwaygazette.com/metro/mumbai-metro-opening/61318.article,Line 2A Dhanukarwadi – Dahisar East (8.9 km),,14739cb1
2022-04-02,India,Mumbai,Line 7,metro,9.5,no,yes,yes,GoA2.5,yes,GoA2.5: built for UTO (GoA4-capable trains and signalling) but run with a driver in the cab,https://www.railwaygazette.com/metro/mumbai-metro-opening/61318.article,Line 7 Dahisar East – Aarey (9.5 km),split from a combined UrbanRail entry,
2022-04-29,China,Fuzhou,Line 5,metro,,no,yes,yes,GoA2,no,CAMET: not FAO (inferred from its FAO tables and totals),https://www.camet.org.cn/xytj/tjxx/ (reports in data/raw/camet/),Line 5 Ancient Luozhou Town – Jingxi Houyu,,bdd762a9
2022-05-28,South Korea,Seoul,Sillim Line,light metro,8.1,no,yes,yes,GoA4,yes,UTO,https://en.wikipedia.org/wiki/List_of_driverless_train_systems,Sillim Line Saetgang – Gwanaksan (8.1 km),,c4939f6b
2022-06-16,Malaysia,Kuala Lumpur,Putrajaya Line,metro,12.1,no,yes,yes,GoA4,yes,UTO,https://en.wikipedia.org/wiki/List_of_driverless_train_systems,Putrajaya Line (Kwasa Damansara) – Sungai Buloh – Kampung Batu (12.1 km),,c8e4af03
2022-06-28,China,Changsha,Line 6,metro,48.1,no,yes,yes,GoA2,no,CAMET: not FAO (inferred from its FAO tables and totals),https://www.camet.org.cn/xytj/tjxx/ (reports in data/raw/camet/),Line 6 Xiejiaqiao – Huanghua Airport T1&T2 (48.1 km),,706f7c3d
2022-06-29,China,Kunming,Line 5,metro,26.5,no,yes,yes,GoA2,no,CAMET: not FAO (inferred from its FAO tables and totals),https://www.camet.org.cn/xytj/tjxx/ (reports in data/raw/camet/),Line 5 World Horti-Expo Garden – Baofeng (26.5 km),,289bcf67
2022-07-03,Egypt,Cairo,10th of Ramadan LRT,suburban rail (LRT),65.0,no,yes,yes,GoA2,no,not in Wikipedia's list of GoA3/GoA4 systems; GoA1 vs. GoA2 unverified,https://en.wikipedia.org/wiki/List_of_driverless_train_systems,Capital Train Adly Mansour - Arts & Culture City (65 km),,25b513d2
2022-08-28,China,Fuzhou,Line 6,metro,31.3,no,yes,yes,GoA2,no,CAMET: not FAO (inferred from its FAO tables and totals),https://www.camet.org.cn/xytj/tjxx/ (reports in data/raw/camet/),Line 6 Pandun – Wanshou (31.3 km),,8f23a54c
2022-08-30,China,Jinhua,Jinyi Line,suburban metro,58.4,no,yes,yes,GoA2,no,CAMET: not FAO (inferred from its FAO tables and totals),https://www.camet.org.cn/xytj/tjxx/ (reports in data/raw/camet/),Jinyi Line Jinhua Railway Station – Qintang (58.4 km),,5ad94228
2022-09-20,France,Rennes,Line B,light metro,13.0,no,yes,yes,GoA4,yes,UTO (Cityval),https://en.wikipedia.org/wiki/List_of_driverless_train_systems,Line B Saint-Jacques - Gaîté – Cesson-Viasilva (13 km),,0dc7c7d5
2022-09-22,China,Hangzhou,Line 19,metro,55.0,no,yes,yes,GoA2,no,CAMET: not FAO (inferred from its FAO tables and totals),https://www.camet.org.cn/xytj/tjxx/ (reports in data/raw/camet/),Line 19 West Railway Station – Yongsheng Road (55 km),,e3914427
2022-09-30,China,Zhengzhou,Line 6,metro,17.0,no,yes,yes,GoA2,no,CAMET: not FAO (inferred from its FAO tables and totals),https://www.camet.org.cn/xytj/tjxx/ (reports in data/raw/camet/),Line 6 Jiayu – Changzhuang (17 km),,2de8276e
2022-10-06,India,Ahmedabad,Red Line,metro,18.9,no,yes,yes,GoA2,no,not in Wikipedia's list of GoA3/GoA4 systems; GoA1 vs. GoA2 unverified,https://en.wikipedia.org/wiki/List_of_driverless_train_systems,Red Line APMC – Motera Stadium (18.9 km),,db4b1be1
2022-10-28,China,Shenzhen,Line 14,metro,50.3,no,yes,yes,GoA4,yes,CAMET: FAO (2022 table),https://www.camet.org.cn/xytj/tjxx/ (reports in data/raw/camet/),Line 14 Gangxia North – Shatian (50.3 km),,ba7e91eb
2022-11-10,China,Nantong,Line 1,metro,39.2,no,yes,yes,GoA2,no,CAMET: not FAO (inferred from its FAO tables and totals),https://www.camet.org.cn/xytj/tjxx/ (reports in data/raw/camet/),Line 1 Pingchao - Zhenxing Lu (39.2 km),,70864b69
2022-11-18,China,Tianjin,Line 10,metro,21.0,no,yes,yes,GoA2,no,CAMET: not FAO (inferred from its FAO tables and totals),https://www.camet.org.cn/xytj/tjxx/ (reports in data/raw/camet/),Line 10 Yutai – Yudongcheng (21 km),,02a08f5c
2022-11-26,Italy,Milan,M4,metro,5.3,no,yes,yes,GoA4,yes,UTO,https://en.wikipedia.org/wiki/List_of_driverless_train_systems,M4 Linate Aeroporto – Dateo (5.3 km),,c6f9533f
2022-11-28,China,Shenzhen,Line 12,metro,40.5,no,yes,yes,GoA4,yes,CAMET: FAO (2022 table),https://www.camet.org.cn/xytj/tjxx/ (reports in data/raw/camet/),Line 12 Zuopaotai East – Waterlands Resort East (40.5 km),,bc64fe85
2022-11-28,China,Shenzhen,Line 6 Branch,metro,6.4,no,yes,yes,GoA4,yes,CAMET: FAO (2022 table),https://www.camet.org.cn/xytj/tjxx/ (reports in data/raw/camet/),Line 6B Guangming – SIAT (6.4 km),separately operated branch of Line 6,839fa6e7
2022-12-26,China,Qingdao,Line 4,metro,30.7,no,yes,yes,GoA2,no,CAMET: not FAO (inferred from its FAO tables and totals),https://www.camet.org.cn/xytj/tjxx/ (reports in data/raw/camet/),Line 4 Hall of the People – Dahedong (30.7 km),,043c084f
2022-12-28,Bangladesh,Dhaka,Line 6,metro,11.7,no,yes,yes,GoA2,no,not in Wikipedia's list of GoA3/GoA4 systems; GoA1 vs. GoA2 unverified,https://en.wikipedia.org/wiki/List_of_driverless_train_systems,Line 6 Uttara North – Agargaon (11.7 km; limited service! ),,153aebcd
2022-12-28,China,Foshan,Line 3,metro,40.7,no,yes,yes,GoA2,no,CAMET: not FAO (inferred from its FAO tables and totals),https://www.camet.org.cn/xytj/tjxx/ (reports in data/raw/camet/),Line 3 Zhen’an – Shunde College Railway Station (40.7 km),,ce0e19b5
2022-12-28,China,Nanjing,Line 7,metro,12.6,no,yes,yes,GoA4,yes,CAMET: FAO (2022 and 2024 tables),https://www.camet.org.cn/xytj/tjxx/ (reports in data/raw/camet/),Line 7 Mufuxilu – Xianxinlu (12.6 km),,c4d0dc05
2022-12-28,China,Shenzhen,Line 16,metro,29.2,no,yes,yes,GoA4,yes,CAMET: FAO (2022 table),https://www.camet.org.cn/xytj/tjxx/ (reports in data/raw/camet/),Line 16 Universiade – Tianxin (29.2 km),,80719860
2022-12-28,China,Shenzhen,Pingshan SkyShuttle,automated guideway transit,8.0,no,yes,yes,GoA4,yes,"BYD SkyShuttle AGT, described as fully autonomous, though not in CAMET's 2022 FAO table",https://www.eyeshenzhen.com/content/2023-08/09/content_30392479.htm,Pingshan Skyshuttle Pingshan HSR Station - BYD North (8 km),,1232c04e
2022-12-28,China,Taizhou,Line S1,suburban metro,52.4,no,yes,yes,GoA2,no,CAMET: not FAO (inferred from its FAO tables and totals),https://www.camet.org.cn/xytj/tjxx/ (reports in data/raw/camet/),Taizhou Railway Station – South of the City (52.4 km),,84ceb646
2022-12-30,India,Kolkata,Line 3,metro,6.5,no,yes,yes,GoA2,no,not in Wikipedia's list of GoA3/GoA4 systems; GoA1 vs. GoA2 unverified,https://en.wikipedia.org/wiki/List_of_driverless_train_systems,Line 3 Taratala – Joka (6.5 km),,58bf6cae
2023-01-06,Turkey,Istanbul,M8,metro,14.3,no,yes,yes,GoA4,yes,UTO,https://en.wikipedia.org/wiki/List_of_driverless_train_systems,M8 Bostanci – Parseller (14.3 km),,8e8a2994
2023-01-22,Turkey,Istanbul,M11,airport express metro,34.0,no,yes,yes,GoA4,yes,UTO,https://railturkey.org/2023/01/18/istanbul-airport-metro-opens/,Line 11 Kagithane – Istanbul Havalimani (Kargo Terminali) (34 km),,313909bb
2023-02-08,Iran,Shiraz,Line 2,metro,,no,yes,yes,GoA2,no,not in Wikipedia's list of GoA3/GoA4 systems; GoA1 vs. GoA2 unverified,https://en.wikipedia.org/wiki/List_of_driverless_train_systems,"Line 2 Emam Hossein – Qahramanan (xx km, limited service! )",,75f2ada6
2023-02-27,Iran,Karaj,Line 2,metro,5.5,no,yes,yes,GoA2,no,not in Wikipedia's list of GoA3/GoA4 systems; GoA1 vs. GoA2 unverified,https://en.wikipedia.org/wiki/List_of_driverless_train_systems,"Line 2 Chehel-o-panj Metri Golshahr – Ayatallah Taleqani (5.5 km, limited service! )",,9be6c35c
2023-03-17,China,Dalian,Line 5,metro,24.5,no,yes,yes,GoA2,no,CAMET: not FAO (inferred from its FAO tables and totals),https://www.camet.org.cn/xytj/tjxx/ (reports in data/raw/camet/),Line 5 Houguan – Hutan Xinqu (24.5 km),,cfc862c5
2023-05-09,China,Changsha,Dawangshan SkyShuttle,people mover,8.3,no,yes,yes,GoA4,yes,CAMET: FAO (2023 summary),https://www.camet.org.cn/xytj/tjxx/ (reports in data/raw/camet/),Changsha Dawangshan SkyShuttle Shantang – Guanyingang (8.3 km),,89b73946
2023-06-19,Thailand,Bangkok,Yellow Line,monorail,30.4,no,yes,yes,GoA4,yes,UTO,https://en.wikipedia.org/wiki/List_of_driverless_train_systems,Yellow Line Lat Phrao – Samrong (30.4 km),,9b888995
2023-06-24,China,Suzhou,Line 11 (S1),suburban metro,41.3,no,yes,yes,GoA4,yes,CAMET: FAO (2023 summary),https://www.camet.org.cn/xytj/tjxx/ (reports in data/raw/camet/),Line 11 Weiting – Huaqiao (41.3 km),,2c2beb8e
2023-06-27,China,Xi'an,Line 16,metro,15.1,no,yes,yes,GoA4,yes,CAMET: FAO (2023 summary),https://www.camet.org.cn/xytj/tjxx/ (reports in data/raw/camet/),Line 16 Shijingli – Qinchuangyuanzhongxin (15.1 km),,759637fd
2023-06-28,China,Nanjing,S4,suburban metro,44.2,no,yes,yes,GoA2,no,CAMET: not FAO (inferred from its FAO tables and totals),https://www.camet.org.cn/xytj/tjxx/ (reports in data/raw/camet/),Line S4 Chahe – Chuzhou Railway Station (44.2 km),,db8d19fc
2023-06-29,China,Lanzhou,Line 2,metro,9.1,no,yes,yes,GoA2,no,CAMET: not FAO (inferred from its FAO tables and totals),https://www.camet.org.cn/xytj/tjxx/ (reports in data/raw/camet/),Line 2 Dongfanghong Square – Yanbai Bridge (9.1 km),,9d1b4fa1
2023-06-30,United States,Honolulu,Skyline,metro,17.8,no,yes,yes,GoA4,yes,UTO,https://www.railwayage.com/passenger/rapid-transit/skyline-opens-in-honolulu/,Skyline Kualaka'i (East Kapolei) – Halawa (Aloha Stadium) (17.8 km),,9890af22
2023-07-26,China,Shaoxing,Line 2,metro,10.8,no,yes,yes,GoA4,yes,CAMET: FAO (2023 summary),https://www.camet.org.cn/xytj/tjxx/ (reports in data/raw/camet/),Line 2 Jinghu Hospital - Tandu (10.8 km),,f33d41d0
2023-07-31,Canada,Montreal,REM,light metro,16.3,no,yes,yes,GoA4,yes,UTO,https://en.wikipedia.org/wiki/List_of_driverless_train_systems,REM Line A Gare Centrale – Brossard (16.3 km),,ee4628a0
2023-08-26,China,Wenzhou,S2,suburban metro,63.0,no,yes,yes,GoA2,no,CAMET: not FAO (inferred from its FAO tables and totals),https://www.camet.org.cn/xytj/tjxx/ (reports in data/raw/camet/),S2 Dongshan – Qingdong Road (63 km),,c0fb7a5e
2023-08-27,China,Fuzhou,Line 4,metro,24.0,no,yes,yes,GoA4,yes,CAMET: FAO (2023 summary and 2025 table),https://www.camet.org.cn/xytj/tjxx/ (reports in data/raw/camet/),Line 4 Fenghuangchi – Difengjiang (24 km),,4b504c7a
2023-08-28,Indonesia,Jakarta,Jabodebek LRT,light metro,42.0,no,yes,yes,GoA3,yes,driverless with an attendant on board,https://finance.detik.com/infrastruktur/d-4642175/pakai-teknologi-jerman-lrt-jabodebek-bisa-jalan-tanpa-masinis,Jabodebek LRT Dukuh Atas – Jati Mulya / Harjamukti (42 km),,b8479ed2
2023-09-04,Nigeria,Lagos,Blue Line,metro,13.0,no,yes,yes,GoA2,no,not in Wikipedia's list of GoA3/GoA4 systems; GoA1 vs. GoA2 unverified,https://en.wikipedia.org/wiki/List_of_driverless_train_systems,Blue Line Marina – Mile 2 (13 km),,445a1704
2023-09-15,Mexico,Mexico City,El Insurgente,commuter rail,18.2,no,yes,yes,GoA2,no,not in Wikipedia's list of GoA3/GoA4 systems; GoA1 vs. GoA2 unverified,https://en.wikipedia.org/wiki/List_of_driverless_train_systems,'El Insurgente' Lerma – Zinacantepec (18.2 km),new standalone Mexico City–Toluca commuter railway,75b6b190
2023-09-26,China,Wuhan,Optics Valley Sky Rail,suspended monorail,10.0,no,yes,yes,GoA4,yes,CAMET: FAO (2023 summary),https://www.camet.org.cn/xytj/tjxx/ (reports in data/raw/camet/),Optics Valley Sky Rail Jiufengshan – Longquanshan (10 km),,ec4bfbd1
2023-09-28,China,Zhengzhou,Line 10,metro,21.9,no,yes,yes,GoA2,no,CAMET: not FAO (inferred from its FAO tables and totals),https://www.camet.org.cn/xytj/tjxx/ (reports in data/raw/camet/),Line 10 Zhengzhou Railway Station – Zhengzhouxi Railway Station (21.9 km),,418ea4f3
2023-09-29,China,Shenyang,Line 4,metro,34.0,no,yes,yes,GoA2,no,CAMET: not FAO (inferred from its FAO tables and totals),https://www.camet.org.cn/xytj/tjxx/ (reports in data/raw/camet/),Line 4 Zhengxin Lu – Chuangxin Lu (34 km),,e9a1e606
2023-10-20,India,Delhi,Namo Bharat (Delhi–Meerut RRTS),regional rail,17.0,no,yes,yes,GoA2,no,not in Wikipedia's list of GoA3/GoA4 systems; GoA1 vs. GoA2 unverified,https://en.wikipedia.org/wiki/List_of_driverless_train_systems,RapidX Sahibabad – Duhai (17 km),,bcb8882f
2023-11-17,India,Navi Mumbai,Line 1,metro,11.1,no,yes,yes,GoA2.5,yes,"GoA2.5: listed as GoA4-capable, run with drivers",https://en.wikipedia.org/wiki/List_of_driverless_train_systems,Line 1 Belapur – Pendhar (11.1 km),,4b0a42aa
2023-11-21,Thailand,Bangkok,Pink Line,monorail,34.5,no,yes,yes,GoA4,yes,UTO,https://en.wikipedia.org/wiki/List_of_driverless_train_systems,Pink Line Nonthaburi Civic Center – Min Buri (34.5 km),,9750e660
2023-11-28,China,Chengdu,Line 19,suburban metro,43.2,no,yes,yes,GoA2,no,CAMET: not FAO (inferred from its FAO tables and totals),https://www.camet.org.cn/xytj/tjxx/ (reports in data/raw/camet/),Line 19 Jiujiang North – Tianfu Station (43.2 km),phase 2 opened before phase 1,97c362eb
2023-12-01,Ecuador,Quito,Line 1,metro,22.6,no,yes,yes,GoA2,no,not in Wikipedia's list of GoA3/GoA4 systems; GoA1 vs. GoA2 unverified,https://en.wikipedia.org/wiki/List_of_driverless_train_systems,Line 1 El Labrador – Quitumbe (22.6 km),,29b4605e
2023-12-16,China,Guiyang,Line 3,metro,43.0,no,yes,yes,GoA2,no,CAMET: not FAO (inferred from its FAO tables and totals),https://www.camet.org.cn/xytj/tjxx/ (reports in data/raw/camet/),Line 3 Luowan - Tongmuling (43 km),,c9242e17
2023-12-20,China,Zhengzhou,Line 12,metro,16.5,no,yes,yes,GoA4,yes,CAMET: FAO (2023 summary),https://www.camet.org.cn/xytj/tjxx/ (reports in data/raw/camet/),Line 12 Lianghu – Longzihu Dong (16.5 km),,af68521d
2023-12-21,Peru,Lima,Line 2,metro,5.0,no,yes,yes,GoA4,yes,UTO,https://en.wikipedia.org/wiki/List_of_driverless_train_systems,Line 2 Evitamiento – Mercado Santa Anita (5 km),,6d323e8d
2023-12-27,China,Nantong,Line 2,metro,20.9,no,yes,yes,GoA2,no,CAMET: not FAO (inferred from its FAO tables and totals),https://www.camet.org.cn/xytj/tjxx/ (reports in data/raw/camet/),Line 2 Xingfu – Xianfeng (20.9 km),,d2f77b5a
2023-12-28,China,Chongqing,Line 18,metro,29.0,no,yes,yes,GoA2,no,CAMET: not FAO (inferred from its FAO tables and totals),https://www.camet.org.cn/xytj/tjxx/ (reports in data/raw/camet/),Line 18 Fuhualu – Tiaodengnan (29 km),,299a9372
2023-12-28,China,Tianjin,Line 11,metro,13.7,no,yes,yes,GoA2,no,CAMET: not FAO (inferred from its FAO tables and totals),https://www.camet.org.cn/xytj/tjxx/ (reports in data/raw/camet/),Line 11 Dongjiangdao – Dongliliujinglu (13.7 km),,9f157da1
2023-12-28,China,Zhengzhou,Zhengxu Line,suburban metro,67.1,no,yes,yes,GoA2,no,CAMET: not FAO (inferred from its FAO tables and totals),https://www.camet.org.cn/xytj/tjxx/ (reports in data/raw/camet/),Zhengxu Line Chang’an Lu Bei – Xuchangdong (67.1 km),,7f5c3101
2023-12-30,China,Wuhan,Line 19,metro,23.3,no,yes,yes,GoA4,yes,CAMET: FAO (2023 summary),https://www.camet.org.cn/xytj/tjxx/ (reports in data/raw/camet/),Line 19 West Square of Wuhan Railway Station - Xinyuexi Park (23.3 km),,57e17864
2024-01-31,China,Wuxi,S1,suburban metro,30.4,no,yes,yes,GoA2,no,CAMET: not FAO (inferred from its FAO tables and totals),https://www.camet.org.cn/xytj/tjxx/ (reports in data/raw/camet/),S1 Yanqiao – Jiangyin Bund (30.4 km),,ac124bbf
2024-03-06,India,Agra,Yellow Line,metro,,no,yes,yes,GoA2,no,not in Wikipedia's list of GoA3/GoA4 systems; GoA1 vs. GoA2 unverified,https://en.wikipedia.org/wiki/List_of_driverless_train_systems,(Yellow Line) Mankameshwar Mandir – Taj East Gate,,5818d57e
2024-03-06,India,Kolkata,Line 6,metro,5.4,no,yes,yes,GoA2,no,not in Wikipedia's list of GoA3/GoA4 systems; GoA1 vs. GoA2 unverified,https://en.wikipedia.org/wiki/List_of_driverless_train_systems,"Line 6 Kavi Subhash (New Garia) – Hemanta Mukhopadhay (Ruby) (5.4 km, limited service)",,7a532f30
2024-03-28,China,Changchun,Line 6,metro,29.6,no,yes,yes,GoA2,no,CAMET: not FAO (inferred from its FAO tables and totals),https://www.camet.org.cn/xytj/tjxx/ (reports in data/raw/camet/),Line 6 Shuangfeng – Changchun Movie Wonderland (29.6 km),,8396e6e2
2024-03-30,South Korea,Seoul,GTX-A,regional express rail,34.9,no,yes,yes,GoA2,no,not in Wikipedia's list of GoA3/GoA4 systems; GoA1 vs. GoA2 unverified,https://en.wikipedia.org/wiki/List_of_driverless_train_systems,GTX-A Suseo – Dongtan (34.9 km),,c99160d7
2024-03-31,China,Nanjing,Line 5,metro,12.9,no,yes,yes,GoA2,no,CAMET: not FAO (inferred from its FAO tables and totals),https://www.camet.org.cn/xytj/tjxx/ (reports in data/raw/camet/),Line 5 Wenjinglu – Jiyindadao (12.9 km),,f6f759b3
2024-04-26,China,Qingdao,Line 6,metro,30.5,no,yes,yes,GoA4,yes,CAMET: FAO (2024 table),https://www.camet.org.cn/xytj/tjxx/ (reports in data/raw/camet/),Line 6 Hengyunshan Road – Lingshan Bay (30.5 km),,8e2cf262
2024-06-29,China,Suzhou,Line 6,metro,35.0,no,yes,yes,GoA4,yes,CAMET: FAO (2024 table),https://www.camet.org.cn/xytj/tjxx/ (reports in data/raw/camet/),Line 6 Suzhou Xinqu Railway Station – Sangtiandao (35 km),,a6d03702
2024-08-08,Vietnam,Hanoi,Line 3,metro,7.8,no,yes,yes,GoA2,no,not in Wikipedia's list of GoA3/GoA4 systems; GoA1 vs. GoA2 unverified,https://en.wikipedia.org/wiki/List_of_driverless_train_systems,Line 3 Nhon – Cau Giay (7.8 km),,4ab2249b
2024-08-12,China,Xi'an,Gaoxin SkyShuttle,people mover,17.2,no,yes,yes,GoA4,yes,CAMET: FAO (2024 table),https://www.camet.org.cn/xytj/tjxx/ (reports in data/raw/camet/),SkyShuttle Yuhuazhai – Hengye Dadao (17.2 km),,a14ffb5f
2024-09-07,Russia,Moscow,Line 16,metro,7.2,no,yes,yes,GoA2,no,not in Wikipedia's list of GoA3/GoA4 systems; GoA1 vs. GoA2 unverified,https://en.wikipedia.org/wiki/List_of_driverless_train_systems,Line 16 Novatorskaya – Tyutchevskaya (7.2 km),,02c06d8d
2024-09-10,China,Suzhou,Line 8,metro,35.5,no,yes,yes,GoA4,yes,CAMET: FAO (2024 table),https://www.camet.org.cn/xytj/tjxx/ (reports in data/raw/camet/),Line 8 Xijinqiao – Chefang (35.5 km),,d40c6e17
2024-09-26,China,Xi'an,Line 10,metro,34.4,no,yes,yes,GoA4,yes,CAMET: FAO (2024 table),https://www.camet.org.cn/xytj/tjxx/ (reports in data/raw/camet/),Line 10 Jingshangcun – Zhaohuiguangchang (34.4 km),,45b98ab7
2024-09-28,China,Tianjin,Jinjing Line,suburban metro,13.4,no,yes,yes,GoA2,no,CAMET: not FAO (inferred from its FAO tables and totals),https://www.camet.org.cn/xytj/tjxx/ (reports in data/raw/camet/),Jinjing Line Jinghuadongdao – Tuanboyixueyuan,split from a combined UrbanRail entry,
2024-09-29,China,Chengdu,Line S3 (Ziyang Line),metro,38.7,no,yes,yes,GoA2,no,CAMET: not FAO (inferred from its FAO tables and totals),https://www.camet.org.cn/xytj/tjxx/ (reports in data/raw/camet/),Line S3 Futian – Ziyang Bei Station (38.7 km),,c081ee1f
2024-10-07,India,Mumbai,Line 3,metro,12.7,no,yes,yes,GoA2.5,yes,GoA2.5: built for UTO (GoA4-capable trains and signalling) but run with a driver in the cab,https://www.globalrailwayreview.com/?p=179056,Line 3 Aarey JVLR – Bandra-Kurla Complex (12.7 km),,b8a80753
2024-10-15,Nigeria,Lagos,Red Line,commuter rail,27.0,no,yes,yes,GoA1,no,dedicated commuter railway,https://en.wikipedia.org/wiki/List_of_driverless_train_systems,"Red Line Oyingbo – Agbado (27 km, limited service)",dedicated commuter railway alongside the Lagos–Kano corridor,3c55f3af
2024-11-01,Macau,Macau,Seac Pai Van Line,light metro,1.6,no,yes,yes,GoA4,yes,UTO,https://en.wikipedia.org/wiki/List_of_driverless_train_systems,Seac Pai Van Line Union Hospital – Seac Pai Van (1.6 km),,d85d2e50
2024-11-30,Greece,Thessaloniki,Line 1,metro,9.6,no,yes,yes,GoA4,yes,UTO,https://en.wikipedia.org/wiki/List_of_driverless_train_systems,Line 1 New Railway Station – Nea Elvetia (9.6 km),,659da202
2024-12-01,China,Suzhou,Line 7,metro,24.3,no,yes,yes,GoA2,no,CAMET: not FAO (inferred from its FAO tables and totals),https://www.camet.org.cn/xytj/tjxx/ (reports in data/raw/camet/),Line 7 Hongzhuang – Changlou (24.3 km),,2a10f2fc
2024-12-01,Saudi Arabia,Riyadh,Blue Line,metro,36.7,no,yes,yes,GoA4,yes,UTO,https://en.wikipedia.org/wiki/List_of_driverless_train_systems,Blue Line SAB – Ad Dar Al Baida (36.7 km),,4b007886
2024-12-01,Saudi Arabia,Riyadh,Purple Line,metro,,no,yes,yes,GoA4,yes,UTO,https://en.wikipedia.org/wiki/List_of_driverless_train_systems,Purple Line KAFD – An Naseem,split from a combined UrbanRail entry,
2024-12-01,Saudi Arabia,Riyadh,Yellow Line,metro,,no,yes,yes,GoA4,yes,UTO,https://en.wikipedia.org/wiki/List_of_driverless_train_systems,Yellow Line KAFD – Airport T1-2,,9fbe0734
2024-12-02,Macau,Macau,Hengqin Line,light metro,2.2,no,yes,yes,GoA4,yes,UTO,https://en.wikipedia.org/wiki/List_of_driverless_train_systems,Hengqin Line Lótus – Hengqin (2.2 km),,781ae83c
2024-12-15,China,Beijing,Line 12,metro,26.8,no,yes,yes,GoA4,yes,CAMET: FAO (2024 table),https://www.camet.org.cn/xytj/tjxx/ (reports in data/raw/camet/),Line 12 Sijiqingqiao – Dongbabei (26.8 km),,23c5d7ba
2024-12-15,China,Beijing,Line 3,metro,14.7,no,yes,yes,GoA4,yes,CAMET: FAO (2024 table),https://www.camet.org.cn/xytj/tjxx/ (reports in data/raw/camet/),Line 3 Dongsi Shitiao – Dongbabei (14.7 km),,f3b76b42
2024-12-15,Saudi Arabia,Riyadh,Green Line,metro,12.6,no,yes,yes,GoA4,yes,UTO,https://en.wikipedia.org/wiki/List_of_driverless_train_systems,Green Line Ministry of Education – National Museum (12.6 km),,32166eb6
2024-12-15,Saudi Arabia,Riyadh,Red Line,metro,24.2,no,yes,yes,GoA4,yes,UTO,https://en.wikipedia.org/wiki/List_of_driverless_train_systems,Red Line King Saud University – King Fahad Stadium (24.2 km),,83743f8d
2024-12-19,China,Chengdu,Line 27,metro,24.9,no,yes,yes,GoA4,yes,CAMET: FAO (2024 table),https://www.camet.org.cn/xytj/tjxx/ (reports in data/raw/camet/),Line 27 Shifo – Shuxin Road (24.9 km),,cb94f7b8
2024-12-22,Vietnam,Ho Chi Minh City,Line 1,metro,19.7,no,yes,yes,GoA2,no,not in Wikipedia's list of GoA3/GoA4 systems; GoA1 vs. GoA2 unverified,https://en.wikipedia.org/wiki/List_of_driverless_train_systems,Ben Thanh – Suoi Tien (19.7 km),,f6794bc0
2024-12-26,China,Hefei,Line 8,metro,22.5,no,yes,yes,GoA4,yes,CAMET: FAO (2024 table),https://www.camet.org.cn/xytj/tjxx/ (reports in data/raw/camet/),Line 8 Yilijing – Beicheng Gaotiezhan (22.5 km),,0f1aba08
2024-12-26,China,Xi'an,Line 8,metro,50.0,no,yes,yes,GoA4,yes,CAMET: FAO (2024 table),https://www.camet.org.cn/xytj/tjxx/ (reports in data/raw/camet/),Line 8 Circle Line (50 km),,9c3bdfa5
2024-12-28,China,Guangzhou,Line 11,metro,44.2,no,yes,yes,GoA4,yes,CAMET: FAO (2024 table),https://www.camet.org.cn/xytj/tjxx/ (reports in data/raw/camet/),Line 11 Circle Line (44.2 km),,e151f41c
2024-12-28,China,Guiyang,S1,suburban metro,30.3,no,yes,yes,GoA2,no,CAMET: not FAO (inferred from its FAO tables and totals),https://www.camet.org.cn/xytj/tjxx/ (reports in data/raw/camet/),S1 Wangchengpo – Zaojiaoba (30.3 km),,1817eefa
2024-12-28,China,Shenzhen,Line 13,metro,6.4,no,yes,yes,GoA4,yes,CAMET: FAO (2024 table),https://www.camet.org.cn/xytj/tjxx/ (reports in data/raw/camet/),Line 13 Shenzhen Bay Checkpoint - Hi-Tech Central (xx km),,3ca4a6ee
2024-12-29,China,Zhengzhou,Line 7,metro,26.8,no,yes,yes,GoA2,no,CAMET: not FAO (inferred from its FAO tables and totals),https://www.camet.org.cn/xytj/tjxx/ (reports in data/raw/camet/),Line 7 Dongzhao – Nangangliu (26.8 km),,991b48d2
2024-12-29,China,Zhengzhou,Line 8,metro,51.8,no,yes,yes,GoA4,yes,CAMET: FAO (2024 table),https://www.camet.org.cn/xytj/tjxx/ (reports in data/raw/camet/),Line 8 Tianjianhu – Lumiao (51.8 km),,b77f124d
2024-12-30,China,Shenyang,Line 3,metro,23.0,no,yes,yes,GoA2,no,CAMET: not FAO (inferred from its FAO tables and totals),https://www.camet.org.cn/xytj/tjxx/ (reports in data/raw/camet/),Line 3 Lida – Nan Liguan (23 km),,ddf60b11
2025-01-02,China,Chongqing,Bitong Line,suburban metro,37.5,no,yes,yes,GoA2,no,CAMET: not FAO (inferred from its FAO tables and totals),https://www.camet.org.cn/xytj/tjxx/ (reports in data/raw/camet/),Bitong Line Bishan – Tongliangxi (37.5 km),,9ef90d7a
2025-01-05,Saudi Arabia,Riyadh,Orange Line,metro,39.8,no,yes,yes,GoA4,yes,UTO,https://en.wikipedia.org/wiki/List_of_driverless_train_systems,Orange Line Jeddah Road – Khashm Al An (39.8 km),,a29676fc
2025-02-22,China,Taiyuan,Line 1,metro,28.7,no,yes,yes,GoA4,yes,CAMET: FAO (2025 table),https://www.camet.org.cn/xytj/tjxx/ (reports in data/raw/camet/),Line 1 Helongwan - Wusu 1hao/2hao Hangzhanlou (28.7 km),,af6e4940
2025-05-31,India,Indore,Yellow Line,metro,5.9,no,yes,yes,GoA2.5,yes,GoA2.5: built for UTO (GoA4-capable trains and signalling) but run with a driver in the cab,https://www.freepressjournal.in/indore/indore-metro-to-run-on-goa-4-to-be-driverless,Yellow Line Veerangana Jhalkari Bai (Super Corridor 3) – Devi Ahilya Bai Holkar Terminal (Gandhinagar) (5.9 km),,ec359b4c
2025-06-29,China,Guangzhou,Line 10,metro,17.2,no,yes,yes,GoA4,yes,CAMET: FAO (2025 table),https://www.camet.org.cn/xytj/tjxx/ (reports in data/raw/camet/),Line 10 Xilang – Yangji East,,5028410c
2025-06-29,China,Guangzhou,Line 12,metro,28.8,no,yes,yes,GoA4,yes,CAMET: FAO (2025 table),https://www.camet.org.cn/xytj/tjxx/ (reports in data/raw/camet/),Line 12 Xunfenggang – Guangzhou Gymnasium (west and east sections),split from a combined UrbanRail entry,
2025-06-30,China,Ningbo,Line 8,metro,23.3,no,yes,yes,GoA4,yes,CAMET: FAO (2025 table),https://www.camet.org.cn/xytj/tjxx/ (reports in data/raw/camet/),Line 8 Kaiyuan Road – Hansong Road (23.3 km),,26d68db8
2025-08-10,India,Bengaluru,Yellow Line,metro,18.8,no,yes,yes,GoA2.5,yes,GoA2.5: built for UTO (GoA4-capable trains and signalling) but run with a driver in the cab,https://en.wikipedia.org/wiki/List_of_driverless_train_systems,Yellow Line Rashtreeya Vidyalaya Road – Delta Electronics Bommasandra (18.8 km),,3d55c381
2025-08-22,India,Kolkata,Yellow Line,metro,,no,yes,yes,GoA2,no,not in Wikipedia's list of GoA3/GoA4 systems; GoA1 vs. GoA2 unverified,https://en.wikipedia.org/wiki/List_of_driverless_train_systems,YL Noapara – Jai Hind Bimanbandar (Green and Orange lines extended the same day),split from a combined UrbanRail entry,5e9b71c0
2025-08-29,China,Ningbo,Line 7,metro,39.4,no,yes,yes,GoA4,yes,CAMET: FAO (2025 table),https://www.camet.org.cn/xytj/tjxx/ (reports in data/raw/camet/),Line 7 Yufan – Yunlong (39.4 km),,0f23d023
2025-09-28,China,Tianjin,Line 7,metro,21.8,no,yes,yes,GoA2,no,CAMET: not FAO (inferred from its FAO tables and totals),https://www.camet.org.cn/xytj/tjxx/ (reports in data/raw/camet/),Line 7 Gulou – Saidalu (21.8 km),,40274da9
2025-09-28,China,Xuzhou,Line 6,metro,22.9,no,yes,yes,GoA4,yes,CAMET: FAO (2025 table),https://www.camet.org.cn/xytj/tjxx/ (reports in data/raw/camet/),Line 6 Xuzhou Tongshan District Hospital of TCM – Xuzhoudong Railway Station (22.9 km),,ded20a9b
2025-09-29,China,Fuzhou,Binhai Express,suburban metro,61.5,no,yes,yes,GoA2,no,CAMET: not FAO (inferred from its FAO tables and totals),https://www.camet.org.cn/xytj/tjxx/ (reports in data/raw/camet/),Binhai Express Fuzhou Railway Station – Wenling (61.5 km),,79d47254
2025-10-06,India,Patna,Blue Line,metro,3.1,no,yes,yes,GoA2,no,not in Wikipedia's list of GoA3/GoA4 systems; GoA1 vs. GoA2 unverified,https://en.wikipedia.org/wiki/List_of_driverless_train_systems,Blue Line Bhootnath – New ISBT (3.1 km),,c6643dff
2025-11-28,China,Dongguan,Line 1,metro,57.5,no,yes,yes,GoA4,yes,CAMET: FAO (2025 table),https://www.camet.org.cn/xytj/tjxx/ (reports in data/raw/camet/),Line 1 Dongguanxi Railway Station – Meitang (57.5 km),,082f06c4
2025-12-06,China,Jinan,Jinan SkyShuttle Line 1,people mover,30.7,no,yes,yes,GoA4,yes,CAMET: FAO (2025 table),https://www.camet.org.cn/xytj/tjxx/ (reports in data/raw/camet/),SkyShuttle Line 1 Pengjiazhuang – Shandong Polytechnic – Pengjiazhuang (30.7 km),,9cd10869
2025-12-16,China,Chengdu,Line 13,metro,29.1,no,yes,yes,GoA4,yes,CAMET: FAO (2025 table),https://www.camet.org.cn/xytj/tjxx/ (reports in data/raw/camet/),Line 13 Wayaotan — Long’an (29.1 km),,c00d670c
2025-12-16,China,Chengdu,Line 30,metro,28.0,no,yes,yes,GoA4,yes,CAMET: FAO (2025 table),https://www.camet.org.cn/xytj/tjxx/ (reports in data/raw/camet/),Line 30 East of T2 of Shuangliu Int’l Airport — Longquanyi Railway Station South (28 km),,1bed3e97
2025-12-21,India,Bhopal,Orange Line,metro,7.5,no,yes,yes,GoA2.5,yes,GoA2.5: built for UTO (GoA4-capable trains and signalling) but run with a driver in the cab,https://www.freepressjournal.in/amp/bhopal/bhopal-metro-to-go-driverless-after-two-years-of-operation,Orange Line Subash Nagar — AIIMS (7.5 km),,d1083562
2025-12-26,China,Hefei,Line 6,metro,34.4,no,yes,yes,GoA4,yes,CAMET: FAO (2025 table),https://www.camet.org.cn/xytj/tjxx/ (reports in data/raw/camet/),Line 6 (Qinglonggang – ) Beiyanhu – Longtang (34.4 km),,027b6770
2025-12-26,Russia,Saint Petersburg,Line 6,metro,,no,yes,yes,GoA2,no,not in Wikipedia's list of GoA3/GoA4 systems; GoA1 vs. GoA2 unverified,https://en.wikipedia.org/wiki/List_of_driverless_train_systems,Line 6 Putilovskaya — Yugo-Zapadnaya,,446edfe5
2025-12-27,China,Beijing,Line 18,metro,19.8,no,yes,yes,GoA2,no,CAMET: not FAO (inferred from its FAO tables and totals),https://www.camet.org.cn/xytj/tjxx/ (reports in data/raw/camet/),Line 18 Malianwa – Tiantongyuandong (19.8 km),,2197fa80
2025-12-27,China,Jinan,Line 4,metro,40.3,no,yes,yes,GoA4,yes,CAMET: FAO (2025 table),https://www.camet.org.cn/xytj/tjxx/ (reports in data/raw/camet/),Line 4 Shandong First Medical University – Pengjiazhuang (40.3 km),,3bf0da91
2025-12-27,China,Jinan,Line 6,metro,19.5,no,yes,yes,GoA4,yes,CAMET: FAO (2025 table),https://www.camet.org.cn/xytj/tjxx/ (reports in data/raw/camet/),Line 6 Shandong University – Liangwang (19.5 km),,8f23e0bc
2025-12-27,China,Jinan,Line 8,metro,25.3,no,yes,yes,GoA4,yes,CAMET: FAO (2025 table),https://www.camet.org.cn/xytj/tjxx/ (reports in data/raw/camet/),Line 8 Xingcun Lijiaoqiao East – Qingyuan Dajie (25.3 km),,4cb7f513
2025-12-29,China,Xi'an,Line 15,metro,19.5,no,yes,yes,GoA4,yes,CAMET: FAO (2025 table),https://www.camet.org.cn/xytj/tjxx/ (reports in data/raw/camet/),Line 15 Xiliu – Dongzhaoyu (19.5 km),,dad14cfb
2026-01-16,China,Ningbo,Line 6,metro,35.1,no,yes,yes,GoA4,yes,CAMET: FAO (2026 H1 table),https://www.camet.org.cn/xytj/tjxx/ (reports in data/raw/camet/),Line 6 Gulin – Honglian (35.1 km),,ff8fd639
2026-01-18,China,Tianjin,Line Z4,metro,23.7,no,yes,yes,GoA2,no,CAMET: not FAO (inferred from its FAO tables and totals),https://www.camet.org.cn/xytj/tjxx/ (reports in data/raw/camet/),Line Z4 Beitang – Zhaishang (23.7 km),,5c720c49
2026-03-20,Egypt,Cairo,East Nile Monorail,monorail,56.5,no,yes,yes,GoA4,yes,UTO,https://en.wikipedia.org/wiki/List_of_driverless_train_systems,East Nile Monorail Cairo Stadium — New Capital (56.5 km - regular service since 6 May 2026),,8f78f972
2026-03-31,Brazil,São Paulo,Line 17,monorail,6.0,no,yes,yes,GoA4,yes,UTO,https://en.wikipedia.org/wiki/List_of_driverless_train_systems,Line 17 Morumbi — Aeroporto de Congonhas (6 km; limited service),,8b2fb83f
2026-04-08,India,Mumbai,Line 2B,metro,5.4,no,yes,yes,GoA2.5,yes,GoA2.5: built for UTO (GoA4-capable trains and signalling) but run with a driver in the cab,https://www.gruppofsengineering.it/en/media-and-contacts/news-and-press-releases/2026/4/17/phase-one-of-the-mumbai-metro-line-2b-starts-operating.html,Line 2B Diamond Garden — Mandale (5.4 km),first opening of Line 2B,ea398fee
2026-04-08,India,Mumbai,Line 9,metro,3.6,no,yes,yes,GoA2.5,yes,"GoA2.5: run by MMMOCL with its GoA4-equipped trains, with drivers",https://www.mmmocl.co.in/project_brief,Line 9 Dahisar East — Kashigaon (3.6 km),"first opening of Line 9, numbered and planned as its own line though it continues Line 7",87b7e23f
2026-04-22,China,Nanjing,S2,suburban metro,54.2,no,yes,yes,GoA2,no,CAMET: not FAO (inferred from its FAO tables and totals),https://www.camet.org.cn/xytj/tjxx/ (reports in data/raw/camet/),S2 Xishanqiao — Taibai (54.2 km),,db797a9e
2026-05-01,China,Wuhan,Line 12,metro,35.3,no,yes,yes,GoA4,yes,CAMET: FAO (2026 H1 table),https://www.camet.org.cn/xytj/tjxx/ (reports in data/raw/camet/),Line 12 Gangduhuayuan — Moshuihu Park (35.3 km),,7793730c
2026-05-16,Kazakhstan,Astana,Astana LRT,light rail,21.3,no,yes,yes,GoA4,yes,UTO,https://rollingstockworld.com/lrv/crrc-driverless-trains-begin-service-on-astana-lrt/,Nurly Zhol — Airport (21.3 km),,bcd10fd3
2026-06-29,Malaysia,Kuala Lumpur,Shah Alam Line (Line 11),light metro,37.8,no,yes,yes,GoA4,yes,UTO,https://en.wikipedia.org/wiki/List_of_driverless_train_systems,Line 11 Bandar Utama — Johan Setia (37.8 km),,146d6a35
2026-06-30,Taiwan,Taipei,Sanying Line,metro,13.8,no,yes,yes,GoA4,yes,driverless medium-capacity line,https://en.wikipedia.org/wiki/List_of_driverless_train_systems,Sanying Line Yingtao Fude — Dingpu (13.8 km),,791f5769
2026-07-01,China,Hefei,Line 7,metro,,no,yes,yes,GoA4,yes,news reports at opening: GoA4 fully automatic operation,https://www.stdaily.com/web/gdxw/2026-07/04/content_542090.html,Line 7 Feicui Gongyuan — Sheng Wenhuahefeiyiguan,,90483b89
2026-07-02,Brazil,São Paulo,Line 6,metro,,no,yes,yes,GoA4,yes,designed for UTO,https://rollingstockworld.com/lrv/alstom-driverless-metro-trains-enter-service-in-sao-paulo/,Line 6 João Paulo I — Perdizes,,4a398525
2026-07-03,Brazil,Belo Horizonte,Linha 2,metro,,no,yes,yes,GoA2,no,not in Wikipedia's list of GoA3/GoA4 systems; GoA1 vs. GoA2 unverified,https://en.wikipedia.org/wiki/List_of_driverless_train_systems,Linha 2 Nova Suíça — Amazonas  (limited service),,5e574c66
2026-08-26,China,Changchun,Line 7,metro,23.2,no,yes,yes,GoA2,no,no fully automatic operation reported at opening; not yet in a CAMET table,https://www.stdaily.com/web/gdxw/2026-08/26/content_570203.html,Line 7 Qiche Gongyuan — Donghuanchenglu (23.2 km),,dc0da961
2026-08-27,Greece,Thessaloniki,Line 2,metro,4.8,no,yes,yes,GoA4,yes,UTO,https://en.wikipedia.org/wiki/List_of_driverless_train_systems,L2 25 Martiou — Micra (4.8 km),"Kalamaria branch, run as a separate line sharing the Line 1 trunk",9a257bad
2026-09-05,Russia,Moscow,Line 17 (Rublyovo-Arkhangelskaya),metro,5.2,no,yes,yes,GoA2,no,not in Wikipedia's list of GoA3/GoA4 systems; GoA1 vs. GoA2 unverified,https://en.wikipedia.org/wiki/List_of_driverless_train_systems,[17] (Delovoy Tsentr — ) Shelepikha — Bul. Generala Karbysheva (~5.2 km),,4f5db9de
2026-09-16,China,Xiamen,Line 4,metro,,no,yes,yes,GoA4,yes,news reports at opening: fully automatic operation,https://news.ifeng.com/c/8wR64rVJJzF,[4] Jimei Software Park North — Qianwu,,35adaf57
2026-09-16,China,Xiamen,Line 6,metro,,no,yes,yes,GoA4,yes,news reports at opening: GoA4 fully automatic operation,https://news.ifeng.com/c/8wR64rVJJzF,[6] Jiaojiang Road — Huaqiao University,,86bd8f14
2026-09-28,China,Changchun,Line 5,metro,19.5,no,yes,yes,GoA2,no,no fully automatic operation reported at opening; not yet in a CAMET table,https://www.news.cn/politics/20260928/10bd27503adb4258b83d5c6773937fc8/c.html,[5] Zhuoyue Dajie — Dongdaqiao (19.5 km),,77e33fd8
2026-09-29,China,Nanjing,Line 6,metro,32.4,no,yes,yes,GoA2,no,no fully automatic operation reported at opening; not yet in a CAMET table,https://www.yzwb.net/news/jiangsu/nanjing/202609/t20260929_398318.html,[6] Qixiashan — Nanjing South Railway Station (32.4 km),,e3e8ed1c
